Image Name,Total Slots,Occupied Slots,Available Slots
2012-09-11_15_53_00_jpg.rf.8537f6252c0519cea23fa12293bbe52b.jpg,100,71,29
2012-09-11_16_48_36_jpg.rf.4214ff860ddaff96315462a5ed76ee93.jpg,100,75,25
2012-09-12_06_36_36_jpg.rf.007cfe9ae01356b41e81396d5bc3ce19.jpg,100,0,100
2012-09-12_08_15_53_jpg.rf.b47e91dfcd3e26394c37a87ede458d97.jpg,100,93,7
2012-09-12_09_18_46_jpg.rf.5d6c7db6041b39e795c60804d0ae72c7.jpg,100,95,5
2012-09-12_10_05_57_jpg.rf.5c386e60595c43cb57c01e09efabc7c2.jpg,100,95,5
2012-09-12_11_19_23_jpg.rf.b6adca239d6fdf225ad3038710d01a52.jpg,100,85,15
2012-09-12_11_56_00_jpg.rf.fcce171df9588fce307f43493f4b25aa.jpg,100,71,29
2012-09-12_12_48_19_jpg.rf.b4a16e109d51eb3d0223af7c73bcd437.jpg,100,42,58
2012-09-12_14_12_08_jpg.rf.bb3356e3952487c6aa3b6218af4bbfdf.jpg,100,55,45
2012-09-13_06_57_24_jpg.rf.ca050dc1f73a91e074e3424c18ac318d.jpg,100,3,97
2012-09-13_08_00_06_jpg.rf.270825e404c622959b7cb9546c8225c0.jpg,100,89,11
2012-09-13_08_05_23_jpg.rf.970d037ee5c7370cb847a9ccd3184afd.jpg,100,90,10
2012-09-13_12_40_23_jpg.rf.0577fc872062e0e2fa954c020a9d0666.jpg,100,37,63
2012-09-13_13_25_24_jpg.rf.45928d5ed89d1d666d97d907fe8dd6a2.jpg,100,40,60
2012-09-13_13_35_25_jpg.rf.b6aea234d7df41737e3eb3349f8db188.jpg,100,45,55
2012-09-13_17_45_35_jpg.rf.7b45a8ff3ec74ce0c3d531c14299999d.jpg,100,57,43
2012-09-14_09_21_11_jpg.rf.def5ba9ae4a7ab7fbeb57ff6d0c679cc.jpg,100,92,8
2012-09-14_10_16_14_jpg.rf.016603e1db9af4f58be54d077fef65ce.jpg,100,93,7
2012-09-14_11_36_17_jpg.rf.1c1b1d04cbb39d4a341cbeee5fccfec6.jpg,100,73,27
2012-09-14_11_51_18_jpg.rf.9ae536e5200c523b8c4c010036587332.jpg,100,69,31
2012-09-14_12_16_19_jpg.rf.324228a07069eae91ac0b7312c1e8d42.jpg,100,52,48
2012-09-14_12_36_20_jpg.rf.225f60e3957a32e3868d46c4dd7c426c.jpg,100,42,58
2012-09-14_12_41_20_jpg.rf.0d3992245ba39af978ebb2e58b1d6ce2.jpg,100,42,58
2012-09-14_13_26_22_jpg.rf.176e356895b4bddff5c239b1c1051d0c.jpg,100,39,61
2012-09-14_13_46_23_jpg.rf.2e6c78e2af7f01b6932f58e2b4dfc602.jpg,100,48,52
2012-09-14_14_31_24_jpg.rf.b2f83d8f3636ebb922b249bcc03d3358.jpg,100,69,31
2012-09-14_15_41_27_jpg.rf.d22723fdc2b868c03a61ae80cca62b89.jpg,100,71,29
2012-09-14_16_26_29_jpg.rf.085e978ae30a98b85d9a9c25467cacc6.jpg,100,74,26
2012-09-15_07_02_01_jpg.rf.60100e130540d9f40485fbb18e896a92.jpg,100,2,98
2012-09-15_10_07_09_jpg.rf.b3c364f09ea3679577a7608c0d8331ed.jpg,100,87,13
2012-09-15_13_22_17_jpg.rf.fbf834af5bdd13aa71a130d547ed8847.jpg,100,30,70
2012-09-15_14_32_20_jpg.rf.2d2320b885077a8915a410624f176715.jpg,100,29,71
2012-09-15_14_37_20_jpg.rf.d72f78743c03d8b4b02b9b3e7a6bbdc9.jpg,100,30,70
2012-09-15_14_57_21_jpg.rf.c3855f4fe0c3c98011922c9243804d28.jpg,100,26,74
2012-09-15_15_02_21_jpg.rf.be08634cb8a3f8b397e0dee3fabc27c8.jpg,100,26,74
2012-09-16_07_02_57_jpg.rf.cc4d0ab12823c0f0e2de1a0d40cd5381.jpg,100,2,98
2012-09-16_07_47_58_jpg.rf.746b739e30b32b34e118a03114823ea3.jpg,100,3,97
2012-09-16_10_23_05_jpg.rf.75596bed9f279e221792838563ffa5c9.jpg,100,3,97
2012-09-16_10_33_05_jpg.rf.a342c301fd3fb355df59f50e33d9a15a.jpg,100,3,97
2012-09-16_10_48_06_jpg.rf.d220c8dc1c303c17b6c3937992bb831f.jpg,100,3,97
2012-09-16_10_53_06_jpg.rf.1a42fe5a135cc74aef6a986098859beb.jpg,100,3,97
2012-09-16_12_28_10_jpg.rf.bd733e1ccfa6c456352c3d0378f0e6c1.jpg,100,3,97
2012-09-16_13_03_11_jpg.rf.c74b19cb7a6d054a905e289fd9eecd19.jpg,100,2,98
2012-09-16_14_08_14_jpg.rf.0c522eb436cb4fb154d6009a3f30fe7a.jpg,100,3,97
2012-09-16_14_18_15_jpg.rf.327c10361b98db35f698a13b3b575a26.jpg,100,4,96
2012-09-16_14_33_15_jpg.rf.40124e5ae7ab6cfa8dd15b08f260cb4a.jpg,100,4,96
2012-09-16_14_58_16_jpg.rf.244a21f91b0263ec1fa664b2031f0d31.jpg,100,4,96
2012-09-16_15_28_17_jpg.rf.d2966e3e5a74ab357ef7a501345e8738.jpg,100,6,94
2012-09-16_16_03_19_jpg.rf.f2061af2f8cec1e9f0c6f4b9fb8d18c9.jpg,100,6,94
2012-09-16_16_48_20_jpg.rf.e08cf3db1dd137b2621c6a0b56856744.jpg,100,4,96
2012-09-16_17_43_22_jpg.rf.4c4c37e1488ca0afa44589831cf80a38.jpg,100,2,98
2012-09-17_06_03_49_jpg.rf.2c988e483cf05d34c73efde4093b489c.jpg,100,1,99
2012-09-17_06_08_49_jpg.rf.b8b261a14c5ba50d58c77b1968b70454.jpg,100,1,99
2012-09-17_06_23_50_jpg.rf.be62f0a5bb05899082773c6cb1a99753.jpg,100,1,99
2012-09-17_06_38_50_jpg.rf.f33ce360efa19b0e95f6ac875d46bc4b.jpg,100,1,99
2012-09-17_07_28_52_jpg.rf.39cade4c5b968ce6cf7668909237a5b4.jpg,100,31,69
2012-09-17_10_14_00_jpg.rf.86bba552642e6f7ddec215f7b8883c27.jpg,100,95,5
2012-09-17_10_29_00_jpg.rf.1ae7d794a55ae6f023a3c8d0cde5174f.jpg,100,93,7
2012-09-17_12_29_06_jpg.rf.885cbbd3ba4da22c96034a33a7f3d51f.jpg,100,42,58
2012-09-17_12_34_06_jpg.rf.935344e8560d2c025a0d5a954bcf2a5e.jpg,100,41,59
2012-09-17_13_14_08_jpg.rf.71dda89addbab2d13ef4c5df50266aaf.jpg,100,42,58
2012-09-17_14_29_11_jpg.rf.5cb32ca1cdeb0090465527caf8dc0b74.jpg,100,77,23
2012-09-17_14_59_13_jpg.rf.7627433bda9f3dae386f88deb12a43ef.jpg,100,77,23
2012-09-17_16_19_16_jpg.rf.fab5f650593cddca27d2f4af71ff18a6.jpg,100,80,20
2012-09-17_16_29_16_jpg.rf.aed522ec0328a5d26ab02eca42e7e504.jpg,100,80,20
2012-09-17_17_59_20_jpg.rf.ef89327cfed6d0e54225bc318c308dc8.jpg,100,72,28
2012-09-18_05_54_47_jpg.rf.6cb06857e2925a630daec179fa39493a.jpg,100,1,99
2012-09-18_06_59_50_jpg.rf.2deee5699dc3078f4867385f0938ae7d.jpg,100,7,93
2012-09-18_07_24_51_jpg.rf.4afc3f9b967c3d4369cd8eacee4379b2.jpg,100,18,82
2012-09-18_08_24_53_jpg.rf.bda58b0fb24bdf6428dd6b730b9beafa.jpg,100,90,10
2012-09-18_09_29_56_jpg.rf.01c676956d50842938c0f3295108df04.jpg,100,92,8
2012-09-18_09_39_57_jpg.rf.0a1e0ac2167f9e57f4bcb67fe984b0a4.jpg,100,91,9
2012-09-18_10_24_59_jpg.rf.0d68a9401ea0a719325b460e30e047e3.jpg,100,89,11
2012-09-18_10_39_59_jpg.rf.cd3af180c116cb3b1d2e496b98301946.jpg,100,90,10
2012-09-18_10_45_00_jpg.rf.345eb3982ef6b0655d7862b514866d97.jpg,100,90,10
2012-09-18_11_20_01_jpg.rf.0a06770633386eca1b7a3912115c360b.jpg,100,76,24
2012-09-18_11_25_01_jpg.rf.3661a2d64261691b390c5327871e69d8.jpg,100,76,24
2012-09-18_11_50_03_jpg.rf.3e0e231aaa032a230bc876dcf0220e11.jpg,100,54,46
2012-09-18_12_35_04_jpg.rf.ff9a934eaad9343bc463a0b719b3472c.jpg,100,37,63
2012-09-18_13_40_07_jpg.rf.437e376e9002bc6d183fcbbd750bbb67.jpg,100,49,51
2012-09-18_14_25_09_jpg.rf.9ecd8d92e08238b5338aa8b82d5542b6.jpg,100,65,35
2012-09-18_15_10_11_jpg.rf.150e73d5e3871d3574c34284cacad113.jpg,100,73,27
2012-09-18_15_25_12_jpg.rf.4e45bdf5d2f7492972b7c6b6e2204854.jpg,100,73,27
2012-09-18_16_05_14_jpg.rf.df89cf0aca0259ee26d9548bb8e78152.jpg,100,74,26
2012-09-18_16_45_16_jpg.rf.7d9f354035018e696883d3d25dcd9a65.jpg,100,72,28
2012-09-18_17_10_17_jpg.rf.b642feb767a338cef8425fb74223a2cf.jpg,100,69,31
2012-09-18_17_45_19_jpg.rf.a1f245b6e8757330ef9d10b730bfa1d8.jpg,100,70,30
2012-09-18_17_50_19_jpg.rf.2cc385243c2ebd832f7ed9b878b37cec.jpg,100,69,31
2012-09-19_08_10_53_jpg.rf.4e175466571c06ee89a0fca8af867614.jpg,100,89,11
2012-09-19_09_18_25_jpg.rf.04627f2bb1560fde7034eefcf7254f6a.jpg,100,90,10
2012-09-19_11_03_30_jpg.rf.53414168cb91a48c2876baa82584e33f.jpg,100,82,18
2012-09-19_11_13_30_jpg.rf.e4881f123c12952370a73c8dc5656a22.jpg,100,75,25
2012-09-19_12_13_33_jpg.rf.303498a008777825f74b4597508e3645.jpg,100,48,52
2012-09-19_12_28_33_jpg.rf.3cc18b5c4460a136c2a779f14d3aaabb.jpg,100,43,57
2012-09-19_12_53_34_jpg.rf.a76987cc376830cdee70e34c66a03d1e.jpg,100,40,60
2012-09-19_12_58_35_jpg.rf.1b60c8addd2c4abe74c04ee1be48e2eb.jpg,100,43,57
2012-09-19_13_03_35_jpg.rf.5193411bec47e6744624ce1a91f78650.jpg,100,42,58
2012-09-19_13_13_35_jpg.rf.0a6d323ea96a17225b43c5a5817be4dc.jpg,100,43,57
2012-09-19_15_08_40_jpg.rf.5ec49138fad1144fa0fd3e412be539b2.jpg,100,84,16
2012-09-19_15_53_42_jpg.rf.dad215350f74f708e04cd67f07054b7c.jpg,100,82,18
2012-09-19_16_38_44_jpg.rf.3974cc0b5d715e7f1a20d2c89e355793.jpg,100,84,16
2012-09-19_17_23_46_jpg.rf.6fd22acd548195a04837f02fd8a18cc0.jpg,100,77,23
2012-09-19_18_03_47_jpg.rf.9ae7a07d185fd4f6084e5c5a5fbfb1f5.jpg,100,64,36
2012-09-20_07_54_18_jpg.rf.fe28b326daa55096a724b9ad30bb4aaa.jpg,102,79,23
2012-09-20_07_59_18_jpg.rf.45b81060f9d680c82cb142a3451d3066.jpg,100,82,18
2012-09-20_09_24_22_jpg.rf.051b45390cbb683d1b5f774975227393.jpg,100,93,7
2012-09-20_09_39_23_jpg.rf.7d735e0c5bd04295a46bdc77197b4798.jpg,100,94,6
2012-09-20_12_24_30_jpg.rf.b877dbc9a22e9d1af8dcfada319eadd4.jpg,100,49,51
2012-09-20_13_39_34_jpg.rf.dbfb74b3ec44825795edf28cb812c9d7.jpg,100,49,51
2012-09-20_16_44_41_jpg.rf.b2cf071fcdc7e8059fc759f0b3c1090e.jpg,100,78,22
2012-09-20_17_29_43_jpg.rf.d24844347b33ecb633a9b055912c69df.jpg,100,78,22
2012-09-20_17_59_44_jpg.rf.dffe286e9800079e7a07d297e9574a62.jpg,100,69,31
2012-09-21_06_15_11_jpg.rf.e648b2fdb9c85da73e5ec2d58952021b.jpg,100,1,99
2012-09-21_06_35_11_jpg.rf.f9d7d7cbed2a7da2d6e5be2e0f1ae633.jpg,100,2,98
2012-09-21_06_50_12_jpg.rf.2e5a4f3e9f967d3b07f1df1ddcf4fa5d.jpg,100,3,97
2012-09-21_06_55_12_jpg.rf.a4a307b7fe14c3cbfcbcc73715cfe2a6.jpg,100,4,96
2012-09-21_07_00_12_jpg.rf.c91a46839c86f12c492c8388948b42d2.jpg,100,5,95
2012-09-21_07_05_12_jpg.rf.f31f711882fe76993791ff8344d22fb2.jpg,100,6,94
2012-09-21_07_20_13_jpg.rf.c7d3f1cb3a43b91a41d960f0f449e24b.jpg,100,13,87
2012-09-21_08_50_17_jpg.rf.b4b3b91ab14ff942550fbd9497513d5f.jpg,100,90,10
2012-09-21_09_20_18_jpg.rf.4955e7ffcea4961172ff15e5672b75a2.jpg,100,91,9
2012-09-21_10_55_23_jpg.rf.51b14e0e6f610a5c761d072bc9934927.jpg,100,93,7
2012-09-21_12_00_25_jpg.rf.228a89116b62110678df043ae7bb694d.jpg,100,63,37
2012-09-21_12_20_26_jpg.rf.df6f338a8fb0485f877127a9a7796542.jpg,100,53,47
2012-09-21_13_30_28_jpg.rf.21e5adffedeb53937a722a7dab89864d.jpg,100,44,56
2012-09-21_14_55_32_jpg.rf.6d208eb582520fa469a69575dfa7be9a.jpg,100,68,32
2012-09-21_15_25_34_jpg.rf.e0a1860cebed05db17ec2f6687c1babb.jpg,100,68,32
2012-09-21_16_25_36_jpg.rf.d805dc3fd93071a5e1b4a81d34f3d1a7.jpg,100,65,35
2012-09-21_16_30_37_jpg.rf.0d34020142cf163c1022efc3873c2d7a.jpg,100,64,36
2012-09-28_05_45_56_jpg.rf.f7d31763db84efaa973ae2576865f226.jpg,100,0,100
2012-09-28_06_00_57_jpg.rf.1299e9a6a8a54eeaef2353c0e98737a0.jpg,100,1,99
2012-09-28_06_10_58_jpg.rf.ab5572ba0fbfb22a2f179b7e4d1eab19.jpg,100,1,99
2012-09-28_08_01_02_jpg.rf.7819105952fc68cf51059224b27a2a62.jpg,100,67,33
2012-09-28_08_11_03_jpg.rf.a204d649364aa5db151042407fbd4fa7.jpg,100,77,23
2012-09-28_09_01_05_jpg.rf.d468e217580483e733ba671da8a0859c.jpg,100,92,8
2012-09-28_09_56_08_jpg.rf.28b0a4fe7aabf8e87ad510d2bf7fa33d.jpg,100,97,3
2012-09-28_10_11_09_jpg.rf.5b180d7b2be8cc229a81b37143a0e6c4.jpg,100,95,5
2012-09-28_10_46_10_jpg.rf.7cc4a619d085faecac04512907e15a27.jpg,101,89,12
2012-09-28_11_11_12_jpg.rf.14965d73dcdf5433ccbf4bcb9c834191.jpg,100,84,16
2012-09-28_11_21_12_jpg.rf.0f28dbd86a559059ad8c7d51c1687dbd.jpg,100,79,21
2012-09-28_12_01_14_jpg.rf.2d2bacd09a15cf90b07842e958a4c164.jpg,100,60,40
2012-09-28_15_51_24_jpg.rf.52bd3625db5be15aac236c6a7744185b.jpg,100,71,29
2012-09-28_17_01_27_jpg.rf.878dd395c9f51927fa836347ee060ec2.jpg,100,72,28
2012-09-28_17_36_29_jpg.rf.bd654e3dc3a6d528c44c6aa8ca2c15d8.jpg,100,59,41
2012-09-29_06_52_04_jpg.rf.22638cb912aab045daaf286224a3a581.jpg,100,0,100
2012-10-05_08_37_50_jpg.rf.56841098fa5b926881812d4171330080.jpg,100,90,10
2012-10-11_07_46_49_jpg.rf.9ec8887a7b37b0b4ab74d192d607642f.jpg,100,43,57
2012-10-11_07_57_00_jpg.rf.b78167a252aafb64192a74353aa1dc7b.jpg,100,62,38
2012-10-11_07_57_32_jpg.rf.728cbf43fa42f5a07b9a403ae3900fdd.jpg,100,63,37
2012-10-11_07_59_35_jpg.rf.ea71fcda90a068ced14697be2c82f505.jpg,100,65,35
2012-10-11_08_00_49_jpg.rf.43b9a0099e16d267b453fb09cdb9f475.jpg,100,70,30
2012-10-11_08_16_32_jpg.rf.df5c44b4b1d3c7161595dd90bbd4664f.jpg,100,88,12
2012-10-11_08_51_34_jpg.rf.4a695d510df72242b544ce8a9410671c.jpg,100,94,6
2012-10-11_09_01_34_jpg.rf.a855bd1bf79f55987ccd134bcf2851f0.jpg,100,96,4
2012-10-11_09_26_35_jpg.rf.47d8442e513b9d1c8f589a1910c25713.jpg,100,96,4
2012-10-11_09_51_36_jpg.rf.025b83bcb8e68c4efd5b27c28b19598a.jpg,100,93,7
2012-10-11_10_41_39_jpg.rf.6cc3134fb3ffe7ca17a94d8bb245dc88.jpg,101,93,8
2012-10-11_11_46_42_jpg.rf.58910690caf1960b13b8f07e8b953d87.jpg,100,71,29
2012-10-11_13_16_46_jpg.rf.493e1b33181e8aeff12039e8a6f049ef.jpg,100,43,57
2012-10-11_14_06_48_jpg.rf.1bd94fb3033f4a8e06c1633634a0f268.jpg,100,67,33
2012-10-11_14_11_48_jpg.rf.e6d1071f1654d20ac48072d68e26938f.jpg,100,68,32
2012-10-11_14_41_49_jpg.rf.2d80c4f6517f32f48cd963499449a64f.jpg,100,73,27
2012-10-11_15_31_51_jpg.rf.b28dd59e76cc6565f32c92e1756d7f10.jpg,100,70,30
2012-10-11_15_56_52_jpg.rf.73edb5d61056720bd6af4abc263d9e01.jpg,100,70,30
2012-10-11_16_01_52_jpg.rf.485073f031789a3e7142e785c525e37a.jpg,100,71,29
2012-10-11_16_26_53_jpg.rf.7b48dec4b0041fcbdbf246c13b12a50e.jpg,100,69,31
2012-10-11_17_16_55_jpg.rf.892327894c858bf9c291fcd507a620a8.jpg,101,58,43
2012-10-11_17_51_57_jpg.rf.e60fcc56313a388dbc0062faed0e7da1.jpg,100,47,53
2012-10-11_17_56_57_jpg.rf.47b1774f6fcab7380b6b5ea711a23510.jpg,100,46,54
2012-10-11_18_01_57_jpg.rf.9182465dcb418eb8ac8b34a05473fe77.jpg,100,44,56
2012-10-11_18_16_58_jpg.rf.a8bc2ace725163a5405ac690999bc0d9.jpg,100,34,66
2012-10-12_06_32_31_jpg.rf.d636050d3ace2c5fb012391f9f3617b6.jpg,100,0,100
2012-10-12_07_57_34_jpg.rf.caad11b4354745619a919f510a95f6a3.jpg,100,0,100
2012-10-12_09_02_37_jpg.rf.bcbee87b09d73716c2428bdbd5f01bb0.jpg,100,0,100
2012-10-12_09_22_38_jpg.rf.598010b88cae1b296f0c7fca44c54fe2.jpg,100,0,100
2012-10-12_09_32_39_jpg.rf.6dc304bf864bffd54ecb74003c18898d.jpg,100,0,100
2012-10-12_09_52_40_jpg.rf.1ef2df3d23fb41e9b035d999c89280b9.jpg,100,0,100
2012-10-12_10_12_41_jpg.rf.682c93ad5c89416e0e32fcf77a025da0.jpg,100,0,100
2012-10-12_11_47_45_jpg.rf.87c582e6faf6cc501b7f1fe86ebf987f.jpg,100,0,100
2012-10-12_11_57_45_jpg.rf.43416dbd55781ff0e51e6ed3663e6eff.jpg,100,0,100
2012-10-12_12_52_47_jpg.rf.0c1d2fe9279d3f652d6c7d121ada4d46.jpg,100,0,100
2012-10-12_13_22_49_jpg.rf.a53f14ea1b805cbf9ddb79ef6a2bfbc2.jpg,100,0,100
2012-10-12_14_32_52_jpg.rf.aae7bceef37c957210ce8893adcd10a1.jpg,100,1,99
2012-10-12_15_07_54_jpg.rf.5fabf5bb6108d2fdb54d9bdfb4c17b26.jpg,100,0,100
2012-10-12_16_52_57_jpg.rf.3e7d4526a6f6681c821ee14e0ae586af.jpg,100,0,100
2012-10-12_16_57_58_jpg.rf.28031ca75564ed14ec86261554483268.jpg,100,0,100
2012-10-12_17_12_58_jpg.rf.b670b0b62ff4fcf41a202deb3eba28b7.jpg,100,0,100
2012-10-13_05_38_33_jpg.rf.e03b55648bee59e2fdff160af3d26191.jpg,100,0,100
2012-10-13_06_13_34_jpg.rf.691035669ac70b4289a637f4a9e1f179.jpg,100,0,100
2012-10-13_07_13_37_jpg.rf.0bcfe75572cace45864023321dfcb47d.jpg,100,0,100
2012-10-13_07_23_37_jpg.rf.c7ead18cb521ecb9d432a20d499ba8be.jpg,100,0,100
2012-10-13_08_33_40_jpg.rf.bb30e1e298799fecd89195802cefb0e9.jpg,100,0,100
2012-10-13_08_58_41_jpg.rf.cd1fb3d4a3a7c8dca8a20cae1b538f1f.jpg,100,0,100
2012-10-13_09_48_43_jpg.rf.5d0f37824f4e349bff2941691dbb09ab.jpg,100,0,100
2012-10-13_13_18_51_jpg.rf.12bd9892ac7ba54c553ad90e956c49f4.jpg,100,1,99
2012-10-13_13_48_53_jpg.rf.ac0cde2b372297e3e674d86d7a772338.jpg,100,1,99
2012-10-13_14_08_54_jpg.rf.5a29a50a84431302a5463cd03ef8cd97.jpg,100,1,99
2012-10-13_15_08_56_jpg.rf.d34014f76a55b9bb11c7648a04d5a5d7.jpg,100,1,99
2012-10-13_15_48_58_jpg.rf.3fa397e1880c0d326881b1ed27996227.jpg,100,1,99
2012-10-13_16_54_01_jpg.rf.4d71c0646cc0514ac77f7aaccaa277d4.jpg,100,1,99
2012-10-14_05_59_35_jpg.rf.ed42e2d958e008d3453b84a8fb90fbf7.jpg,100,0,100
2012-10-14_07_59_40_jpg.rf.7558a9801cdd607f294d0913ca0e669d.jpg,100,0,100
2012-10-14_08_04_41_jpg.rf.aca91d48fd94bedf3a076baa7f490eb9.jpg,100,0,100
2012-10-14_08_29_42_jpg.rf.7f9f247e96f66617111ecd57e6898121.jpg,100,0,100
2012-10-14_08_39_42_jpg.rf.24450a51cd6500fc15da112b7380e3c1.jpg,100,0,100
2012-10-14_08_49_43_jpg.rf.8c686b172233b32e696deefd5ac08519.jpg,100,0,100
2012-10-14_09_14_44_jpg.rf.c1c4ea594e0e3e862776a925ae0884db.jpg,100,0,100
2012-10-14_09_29_44_jpg.rf.b81db6d2ba36fa5b0cb230b294ecafcd.jpg,100,0,100
2012-10-14_09_34_45_jpg.rf.d98247a1e22d4b2f2d578b8688549956.jpg,100,0,100
2012-10-14_10_29_47_jpg.rf.2f3cb23e4b91a805d8b8e39d4e18319d.jpg,100,0,100
2012-10-14_11_39_50_jpg.rf.b40b64c114505a446c3c52825004e5d4.jpg,100,1,99
2012-10-14_12_14_52_jpg.rf.a89ba00eae90fd7f3c96bc93c751c4a2.jpg,100,0,100
2012-10-14_12_59_54_jpg.rf.258a99b3b0fbd0ff3feac7d9930ed7b4.jpg,100,0,100
2012-10-14_13_14_54_jpg.rf.b862a1df084d3782bfde2d38b8a0bcb9.jpg,100,0,100
2012-10-14_13_34_55_jpg.rf.47dd650d9c4118ddc5d40a725da6b97f.jpg,100,0,100
2012-10-14_14_34_58_jpg.rf.b894ffcd43366981dc04d982c1d65c52.jpg,100,3,97
2012-10-14_16_20_02_jpg.rf.84c926a9572c2400e5c10ddc102812c9.jpg,100,2,98
2012-10-14_16_25_03_jpg.rf.b5babf20dd746a5c5ba73e165bc3fac9.jpg,100,2,98
2012-10-14_16_55_04_jpg.rf.60b3168d7a93055b9249b6ee3e137224.jpg,100,3,97
2012-10-14_18_05_07_jpg.rf.aa22b62c2e9a30b532f8fc171bda2bda.jpg,100,0,100
2012-10-14_18_15_08_jpg.rf.af037f7ef5a2c90ee88a6920f5834db7.jpg,100,0,100
2012-10-15_07_10_43_jpg.rf.9e3a3546f2000d8fa2483b9e96525a5f.jpg,100,0,100
2012-10-15_07_30_44_jpg.rf.0794ed3d9b2a7b1ad1983cdf07f9298e.jpg,100,1,99
2012-10-15_08_50_48_jpg.rf.b1d6192651581baf966b1cf239693ed2.jpg,100,3,97
2012-10-15_08_55_48_jpg.rf.9eb0413027712a6d73d4b408c9d3b380.jpg,100,3,97
2012-10-15_12_50_58_jpg.rf.926633c82e380490d6ecf02af1f1a529.jpg,100,4,96
2012-10-15_16_16_06_jpg.rf.bcfa097a30737caf8704f37bb21e1234.jpg,100,4,96
2012-10-15_16_31_07_jpg.rf.70ef3858c4faf5455062c67c733c44a8.jpg,100,4,96
2012-10-15_16_46_07_jpg.rf.d34672ad3060a08b963af2b3e878bff0.jpg,100,4,96
2012-10-15_16_51_07_jpg.rf.8aeed09cfde24ba858487a3e0a945535.jpg,101,5,96
2012-10-15_17_16_09_jpg.rf.53c343473dd1fdea519d76f26c8da3aa.jpg,100,4,96
2012-10-15_17_21_09_jpg.rf.ad493d4bcdd6dec7aac8f1344010a0c4.jpg,100,4,96
2012-10-16_06_06_43_jpg.rf.af3b0942a091657fbcdcf2d6ed570c88.jpg,100,2,98
2012-10-16_10_53_34_jpg.rf.1d099edca193abc28d82aeb55167a752.jpg,100,88,12
2012-10-16_11_23_35_jpg.rf.9d502e24916eebc3cef5037e8510e9b9.jpg,101,79,22
2012-10-16_11_43_37_jpg.rf.91b9b5d4038fbe8898c95bedc659ae93.jpg,100,71,29
2012-10-16_12_48_39_jpg.rf.92c64ad59d2be347bbf48801f604939a.jpg,100,47,53
2012-10-16_14_43_45_jpg.rf.b272f39f603df9e526069dc81b81a3f7.jpg,100,73,27
2012-10-16_15_58_49_jpg.rf.1e46f19a247a881c2be898d46c7c8088.jpg,100,74,26
2012-10-16_16_53_52_jpg.rf.59167265132203050b7d7b4466e57c38.jpg,100,72,28
2012-10-17_06_14_31_jpg.rf.c0cf9b2d1de8b659d3c90ca26c549c08.jpg,100,1,99
2012-10-17_06_29_32_jpg.rf.3f47ed0b89289d157cdda2d3a790a03d.jpg,100,1,99
2012-10-17_08_34_38_jpg.rf.4b2493d3c8ca20dd838a71aa88a9156f.jpg,100,93,7
2012-10-17_08_39_38_jpg.rf.86c77b58e6bb5cbfba9105f633d84e61.jpg,100,95,5
2012-10-17_10_04_42_jpg.rf.453963e8384505089b9702be00f81ab1.jpg,100,96,4
2012-10-17_10_14_43_jpg.rf.7984ba35e756467b8260eaefc98e6885.jpg,100,96,4
2012-10-23_08_25_51_jpg.rf.3f3f4b29b4945c82bacb538a20a716a0.jpg,100,91,9
2012-10-25_09_33_23_jpg.rf.71b72d8a44dcd8a2568d00b95bbb98db.jpg,100,95,5
2012-10-25_10_28_26_jpg.rf.4a0398fe50daa134c5017c7454c84c44.jpg,100,92,8
2012-10-25_11_13_28_jpg.rf.f827325044d77cc31a15a647de137f3d.jpg,100,86,14
2012-10-25_11_28_29_jpg.rf.48990a3231dd2465943d0b614477fb5f.jpg,100,74,26
2012-10-25_11_48_30_jpg.rf.d07f75f761b43533e081cc3b03906284.jpg,100,70,30
2012-10-25_11_58_30_jpg.rf.a027ca568b8c0807efe44e6768b8a5b2.jpg,100,64,36
2012-10-25_12_23_32_jpg.rf.2da91845b90f1118a02db95045ddf6d5.jpg,100,50,50
2012-10-25_12_28_32_jpg.rf.73130449910e5f3740d3dbd32974e10a.jpg,100,49,51
2012-10-25_13_58_36_jpg.rf.3f5ee9ad8d4e5d39a37ca21eae3efe92.jpg,100,63,37
2012-10-25_14_13_37_jpg.rf.cbf3fc34d9ef06df77b5992719527495.jpg,100,70,30
2012-10-25_14_23_37_jpg.rf.e50ed53d85ad1f2c28109f8392b894a1.jpg,100,74,26
2012-10-25_15_18_40_jpg.rf.a882e844eac6e68610ebbe4634f69351.jpg,100,80,20
2012-10-25_16_28_44_jpg.rf.f97537a3527c0d21b375e915cece915b.jpg,100,81,19
2012-10-25_16_43_45_jpg.rf.01cef05cbabeb64da2b1d3efc787d0d7.jpg,100,79,21
2012-10-25_17_33_48_jpg.rf.e80743f872007d54787b9083a3f534bb.jpg,100,74,26
2012-10-25_17_38_48_jpg.rf.b67e8480d3e31608fb16d9e632804bd7.jpg,100,72,28
2012-10-25_19_03_53_jpg.rf.682bbe6782cdf149b33665ad59a95038.jpg,100,100,0
2012-10-25_19_13_53_jpg.rf.9f2d9673ded2f474184af59bc0139882.jpg,100,100,0
2012-10-25_19_38_54_jpg.rf.c7c779f794c64e23b4ec6ab33d73020e.jpg,100,100,0
2012-10-26_07_04_26_jpg.rf.829da79d12b410d874dc430109009c24.jpg,100,14,86
2012-10-26_07_29_28_jpg.rf.d26760a799597f048e8bb3b31fd84453.jpg,101,22,79
2012-10-26_08_44_31_jpg.rf.057a7a7caffebaec029ac313da6b4289.jpg,100,94,6
2012-10-26_09_39_35_jpg.rf.3a9640154276b994d7a57424f2abcfd6.jpg,100,97,3
2012-10-26_11_19_40_jpg.rf.a2bf86984db9399de21f1b5e71e765e2.jpg,100,92,8
2012-10-26_11_29_40_jpg.rf.15c024fb20980abae1cf957fc0520607.jpg,100,90,10
2012-10-26_11_34_40_jpg.rf.f161cfa3b7b66336c7c628e626fa7e56.jpg,100,88,12
2012-10-26_11_39_41_jpg.rf.953a45ba66f787ff37e5c0df88604e74.jpg,100,88,12
2012-10-26_12_04_42_jpg.rf.39720a229a85cbd1d1b2ecb97862be6f.jpg,100,74,26
2012-10-26_12_24_43_jpg.rf.848bd79a086fc10d498ac17ab8dc5785.jpg,100,64,36
2012-10-26_15_29_53_jpg.rf.3c2906b9cb7d3bcd58396d49d5af88de.jpg,100,84,16
2012-10-26_16_39_56_jpg.rf.0df45a364d9448e1eeb73aedc44e741f.jpg,100,75,25
2012-10-26_17_39_59_jpg.rf.de1a2eb1785bc22e2ddcc38d661e67ff.jpg,100,52,48
2012-10-26_17_55_00_jpg.rf.6a09d5594421ea4f250ca0de29fcd8a4.jpg,100,39,61
2012-10-26_18_20_01_jpg.rf.ee4e9186ef1a6ab1f4a60d2f443232e0.jpg,100,42,58
2012-10-26_19_05_03_jpg.rf.27a8980c90c0b7c3bb0579d571408be7.jpg,101,99,2
2012-10-27_08_05_40_jpg.rf.0f011e316ba2f94264104fe4c802ada0.jpg,100,1,99
2012-10-27_08_10_40_jpg.rf.6c4702231da6e57dd9970b61bf06d0dd.jpg,100,2,98
2012-10-27_08_40_42_jpg.rf.b8f05df376e05e4f363c92f266fcc8ae.jpg,100,10,90
2012-10-27_09_30_44_jpg.rf.09f28725c535150970075064f68028b4.jpg,100,27,73
2012-10-27_10_15_47_jpg.rf.c35a1a8fba66355d8c48225ac464e889.jpg,100,47,53
2012-10-27_11_00_49_jpg.rf.08ddae6d279c1033e8d45015f489eceb.jpg,100,51,49
2012-10-27_11_20_51_jpg.rf.4c7e15efc8b1ea50c3f3f956342a88e6.jpg,100,44,56
2012-10-27_12_10_53_jpg.rf.0cf6664ed8a4ab44ce3793f82a5e5073.jpg,100,28,72
2012-10-27_12_25_54_jpg.rf.ed08617f184e6b404f39ce324757e98b.jpg,100,23,77
2012-10-27_12_35_54_jpg.rf.36cae3d14c443a68fc72db4844c002fc.jpg,100,21,79
2012-10-27_13_15_56_jpg.rf.bc5c70659ca4e3dc27467fcf5830596d.jpg,100,21,79
2012-10-27_13_30_57_jpg.rf.3ea28f362c9209c606ecf6f6ee599adb.jpg,100,20,80
2012-10-27_16_06_05_jpg.rf.bf08e89c00c85bae509223cfeb9a6585.jpg,100,19,81
2012-10-27_16_36_06_jpg.rf.d7ba9438aca64b92624b6275816332e8.jpg,101,17,84
2012-10-27_17_31_09_jpg.rf.8e57abc76176b63d833004e0f54edd1e.jpg,100,9,91
2012-10-27_18_41_13_jpg.rf.a5bb573c761fc9a1bc2af3abed817f13.jpg,100,1,99
2012-10-28_07_31_48_jpg.rf.f1dbfa8bf02df869787cf07ddd9d9d45.jpg,100,1,99
2012-10-28_08_31_51_jpg.rf.68f6d2d94e6ad2c4a1e547b1b03498ae.jpg,100,1,99
2012-10-28_08_41_51_jpg.rf.74472b7a185118713a3aeaa2ebe7c09e.jpg,100,1,99
2012-10-28_09_46_54_jpg.rf.8d69cb8fc33578c65629389c044bb188.jpg,100,1,99
2012-10-28_10_01_55_jpg.rf.892bad53a85d58d6b3a7500dfcaa482d.jpg,100,2,98
2012-10-28_10_41_57_jpg.rf.a5480416099e4c843781f5c8fd853e70.jpg,100,0,100
2012-10-28_11_32_00_jpg.rf.26398b08458a41c44902bd780b6c1fd5.jpg,100,0,100
2012-10-28_12_32_03_jpg.rf.fa114968cde713d6d39e83936c52c4e3.jpg,100,0,100
2012-10-28_12_57_04_jpg.rf.0b58a769349ca27cc0296794acb3a85f.jpg,100,0,100
2012-10-28_13_12_05_jpg.rf.5060a20dd9a2968f5f0331ab064cc08e.jpg,100,0,100
2012-10-28_14_52_10_jpg.rf.854e040b5a45132f2986b8ea26ed5fc5.jpg,100,0,100
2012-10-28_15_02_11_jpg.rf.110aeebb7870ae89ee2aea064ff4fc78.jpg,100,0,100
2012-10-28_15_32_12_jpg.rf.77dd5815227df902caf162ebbc566bbb.jpg,100,0,100
2012-10-28_15_37_12_jpg.rf.8df9a858037e2b72e59b5e472b9046f1.jpg,100,0,100
2012-10-28_16_02_13_jpg.rf.e4e79f09b3c4c03b470db3cfcf21e8ee.jpg,100,0,100
2012-10-28_17_32_17_jpg.rf.13d08589de527ec8c55fada2bfcec03f.jpg,100,0,100
2012-10-29_07_02_54_jpg.rf.3916a3e5983317eccac8a4946c3273f4.jpg,100,6,94
2012-10-29_07_52_56_jpg.rf.7418925e8dba610ec00185c9b081d29e.jpg,100,70,30
2012-10-29_09_28_01_jpg.rf.3d8733afe6a7f2a3ba4deeb83edae0d3.jpg,100,95,5
2012-10-29_10_33_04_jpg.rf.b5762cf6870ceee2e56ad1a725fbeed7.jpg,100,94,6
2012-10-29_10_43_05_jpg.rf.1869fa0ae6bde68cd4432d5985acb596.jpg,100,90,10
2012-10-29_11_48_08_jpg.rf.c463f85323a91695f8e4eb2cc3b7d033.jpg,100,68,32
2012-10-29_12_18_10_jpg.rf.01aaafa48eb662611dfefaeefb94ae22.jpg,100,50,50
2012-10-29_12_58_12_jpg.rf.12bf65c1380ad6e812267c3236f793d4.jpg,100,38,62
2012-10-29_13_08_13_jpg.rf.976291c579fe2013b7bb375c58e6a505.jpg,100,42,58
2012-10-29_14_48_18_jpg.rf.950fb25139f2b32149ac5307da72e51c.jpg,100,71,29
2012-10-29_15_13_19_jpg.rf.f64e7c7b1b5158b1230f2b2be8f5f30d.jpg,100,73,27
2012-10-29_15_18_20_jpg.rf.0563ceec79f9029a5c680107115f6cd7.jpg,100,75,25
2012-10-29_17_08_26_jpg.rf.ebaea81f4ce5e937f29fb5ac113ccbbc.jpg,100,80,20
2012-10-29_17_38_28_jpg.rf.f12fe555bf5a291c0e0787939b8e7059.jpg,100,75,25
2012-10-29_17_43_28_jpg.rf.3e7d82466e6c44ddf3a4f218d5b78063.jpg,100,73,27
2012-10-29_18_58_32_jpg.rf.c296c022bea4a30ad309a97683ba0882.jpg,100,100,0
2012-10-29_19_28_34_jpg.rf.c6b56a2a78f71b4638f00702c15fe925.jpg,100,100,0
2012-10-30_14_17_16_jpg.rf.62d60682c665186da711a3734a93a2fe.jpg,101,2,99
2012-10-31_06_32_59_jpg.rf.db2024adc1bf7cb78dc9685c9148e973.jpg,100,1,99
2012-10-31_07_53_03_jpg.rf.d6c63783d69faf2b72b2b5325ec16a3a.jpg,100,73,27
2012-10-31_08_23_04_jpg.rf.271177507748d6b631237511c0c852e8.jpg,100,92,8
2012-10-31_08_38_05_jpg.rf.47776fb7cbc17c35e029f76e30a17c1b.jpg,100,92,8
2012-10-31_10_38_10_jpg.rf.2697e5211988d5206802f5f93497cca4.jpg,100,79,21
2012-10-31_11_28_13_jpg.rf.2c2fa586a5eca4be1bf15bffbcb101f4.jpg,100,70,30
2012-10-31_12_23_15_jpg.rf.627c321fc8c95cad1861bc3fbb3f08c9.jpg,100,37,63
2012-10-31_12_28_15_jpg.rf.5d7dc20e87ef4b65bee25f1537d16643.jpg,100,34,66
2012-10-31_13_08_17_jpg.rf.e0fb57efc3006cadc30cf54afd3b5d2b.jpg,100,36,64
2012-10-31_13_58_19_jpg.rf.51671ff8123128b666d05198b6c926ae.jpg,100,53,47
2012-10-31_14_28_20_jpg.rf.5750941edbfc2f07923931c35b3013ff.jpg,100,60,40
2012-10-31_14_48_21_jpg.rf.d34feb16f0d489c086635830180a55cf.jpg,100,62,38
2012-10-31_16_33_26_jpg.rf.6221a3458c68b4e4590ab5346395408e.jpg,100,63,37
2012-10-31_17_03_27_jpg.rf.7b69ea2571ea6ca5fdaf5ba1e8d7ffab.jpg,100,61,39
2012-10-31_17_28_28_jpg.rf.c68c1f73a559b69978a404deee8289e1.jpg,100,57,43
2012-11-06_08_58_18_jpg.rf.133033d5b7fce30e86a702a3d3677b66.jpg,100,1,99
2012-11-06_09_03_18_jpg.rf.1e8bd86e2e5534ac7d2892efa4af004c.jpg,100,1,99
2012-11-06_12_23_27_jpg.rf.081c98908c6e4ec14b05b02e55e6317a.jpg,100,1,99
2012-11-06_12_38_28_jpg.rf.15e90faa04f640c42db68ba488cf743a.jpg,100,1,99
2012-11-06_12_43_28_jpg.rf.94bbbae3516fd2f40f932f9539d64b19.jpg,100,1,99
2012-11-06_13_43_31_jpg.rf.fb88a8145918d1b510510bfdf4820fd4.jpg,100,1,99
2012-11-06_13_58_32_jpg.rf.15ca996e42fbbacd8022123c1fc92037.jpg,100,1,99
2012-11-06_14_13_33_jpg.rf.4370037b8312c70aeae7425f63936748.jpg,100,1,99
2012-11-06_15_28_36_jpg.rf.8f0856e4c6401bc20e04cba4dba515bd.jpg,100,1,99
2012-11-06_16_53_40_jpg.rf.1358dea708499c65367943594cb01bf8.jpg,100,1,99
2012-11-06_18_33_45_jpg.rf.4439073d666b2e01ea9fda2e58d36091.jpg,101,2,99
2012-11-06_18_38_46_jpg.rf.3018c14df79e57ab0939913535d1727d.jpg,102,3,99
2012-11-06_19_18_48_jpg.rf.29b2d0576aca9e4d9149a0aa232166da.jpg,101,2,99
2012-11-06_19_43_49_jpg.rf.f8148c72b49dab9ba6660f9238eb38e6.jpg,100,1,99
2012-11-07_10_09_27_jpg.rf.c5953267527dac9cca1ef80279b21d9d.jpg,101,3,98
2012-11-07_11_44_32_jpg.rf.46754e7f1bf084ebc6edb5cb81bd0a4d.jpg,101,2,99
2012-11-07_12_59_36_jpg.rf.3c0081a923b275e867d3a903e72cf5cb.jpg,100,1,99
2012-11-07_13_19_38_jpg.rf.d2bd3ed67cc37993b9153bb7842552d9.jpg,100,2,98
2012-11-07_13_34_38_jpg.rf.cc1ba42a20367e6e57a7e0ee8495974d.jpg,100,2,98
2012-11-07_14_29_41_jpg.rf.6b5c0d9443d7064cfa2ec216d41990ab.jpg,100,2,98
2012-11-07_14_59_42_jpg.rf.483d06cea96778ced416a874c0d0e91c.jpg,100,2,98
2012-11-07_19_39_55_jpg.rf.1f8c9dfdb049de5de85f42f937b4521a.jpg,100,1,99
2012-11-08_06_55_26_jpg.rf.1b67afdb6cbea4f0f51ffdbe93f3ed6b.jpg,100,5,95
2012-11-08_07_25_27_jpg.rf.68ba2a31e02d8f075e24b4cd804f9260.jpg,100,18,82
2012-11-08_07_55_29_jpg.rf.38240b2786daca22655ed84198445906.jpg,100,78,22
2012-11-08_08_05_29_jpg.rf.d5680524c923c1a16a561d7bfd08c5c9.jpg,100,88,12
2012-11-08_09_25_33_jpg.rf.4ae652ea67f604572d79c9ec5264b11b.jpg,100,95,5
2012-11-08_12_55_43_jpg.rf.955e510b2f3af974db18564ba68731b6.jpg,100,42,58
2012-11-08_13_55_46_jpg.rf.bfae35879e6116d33dd70e23142406e3.jpg,100,59,41
2012-11-08_14_05_46_jpg.rf.18b6f8fd42db9a0943d7b3f1e94fb41d.jpg,100,63,37
2012-11-08_14_15_47_jpg.rf.73fce2a40e30a47da379c80a9bcdbbb2.jpg,100,67,33
2012-11-08_15_05_49_jpg.rf.ddc901a4a4bf45c13623d5de5272c923.jpg,100,79,21
2012-11-08_15_30_50_jpg.rf.64c719ffaeca575c3c448b31be0d9fad.jpg,100,78,22
2012-11-08_15_40_51_jpg.rf.9e472a0dacda5b721effdf00c9df87bf.jpg,100,80,20
2012-11-08_16_10_52_jpg.rf.89fa4dec17b448cf35ebae2e6453c84a.jpg,100,81,19
2012-11-08_16_40_53_jpg.rf.e665844b9c2635885f6372efbfb003b6.jpg,100,83,17
2012-11-08_17_50_56_jpg.rf.65eb9328bd8781bb66a423e2b0197a71.jpg,100,67,33
2012-11-08_18_00_57_jpg.rf.709a9407433fecfd65943d879f0a4a19.jpg,100,68,32
2012-11-08_18_05_57_jpg.rf.83d4a72b47a5467c119a4007a22250c3.jpg,100,67,33
2012-11-08_18_15_58_jpg.rf.7285014d4de1eae4b86263747bb9d225.jpg,100,68,32
2012-11-08_18_35_59_jpg.rf.74ae4a1c4568deb705a9299417285dd6.jpg,100,91,9
2012-11-08_18_51_00_jpg.rf.81fab23f6f97da450e9bc7be41fe4df0.jpg,100,100,0
2012-11-08_19_26_01_jpg.rf.2384aba0d885de10c340b724c6ac8b25.jpg,100,99,1
2012-11-09_07_01_32_jpg.rf.f02847db7b6532a86e2baf07387219c7.jpg,100,6,94
2012-11-09_07_21_33_jpg.rf.ff3a91ea902e01696d732351b6774623.jpg,100,9,91
2012-11-09_07_46_35_jpg.rf.bd00e6ba711fba09d5466d6708f14d5d.jpg,101,44,57
2012-11-09_07_51_35_jpg.rf.a35bc9b5025dc6a22b5272921489db86.jpg,100,60,40
2012-11-09_08_11_36_jpg.rf.31760280dcb8883a36291a087dea13b0.jpg,100,90,10
2012-11-09_08_16_36_jpg.rf.e75b9c73aa47d818095a21099bc45eb1.jpg,100,91,9
2012-11-09_08_31_37_jpg.rf.03ccc08de57661cddb9dec3be1cfc43e.jpg,100,94,6
2012-11-09_09_06_39_jpg.rf.a6431ce942812b45a0e5b4d9ca51db96.jpg,100,95,5
2012-11-09_09_16_39_jpg.rf.3198c200550589d76495cd0bbbe64f81.jpg,100,94,6
2012-11-09_09_56_41_jpg.rf.2925dfadea0d4fe1e6d0a671840d721d.jpg,100,96,4
2012-11-09_12_51_49_jpg.rf.296895bd80b7777044d0b8404ae6cad2.jpg,100,41,59
2012-11-09_13_41_52_jpg.rf.f72d55f9cd52b46beaea4052c04ff6fb.jpg,100,53,47
2012-11-09_14_06_53_jpg.rf.257b7f9c47ecb912a2f97f77bd9b6dac.jpg,100,65,35
2012-11-09_15_16_56_jpg.rf.5885d6a74397f7e165121c4f83ba0e2c.jpg,100,79,21
2012-11-09_16_32_00_jpg.rf.186e3f1d2ca731b3726613819b869024.jpg,100,79,21
2012-11-09_16_47_01_jpg.rf.b7d835c4f075e1fb07efd6038234f137.jpg,100,79,21
2012-11-09_17_17_02_jpg.rf.9ff6f37ccd34d624ca46a5ddd36c3902.jpg,100,72,28
2012-11-09_17_42_03_jpg.rf.b04c82972e49b753c37cfdf8e3cd260e.jpg,100,66,34
2012-11-09_19_22_08_jpg.rf.bcd70237990c2a3d560d38429af0acf4.jpg,101,99,2
2012-11-10_06_47_39_jpg.rf.fc4df8c7066090ac5b4d97123b24cd4d.jpg,100,1,99
2012-11-10_08_32_44_jpg.rf.a5331a962cce3de14e512ea0c54c2a15.jpg,100,36,64
2012-11-10_09_22_46_jpg.rf.2cc94b020d2de72a81a26078a2dcfeea.jpg,100,88,12
2012-11-10_09_47_47_jpg.rf.d0f0fd6c177f69f3b04cbab51f989ec4.jpg,100,90,10
2012-11-10_11_32_52_jpg.rf.92d07c11477a5a73eaea433fe37d4b0a.jpg,100,73,27
2012-11-10_12_17_55_jpg.rf.d83350103a57fd2ba33c3a36ee3adbac.jpg,100,46,54
2012-11-10_12_27_55_jpg.rf.67b1c85d1d816834ce3435c16fa8edc4.jpg,100,37,63
2012-11-10_15_13_03_jpg.rf.8e8d382d99eb229869a19cdbd69a6ee3.jpg,100,29,71
2012-11-10_15_58_05_jpg.rf.721c877ffa5ae57007b9b23047242fa0.jpg,100,30,70
2012-11-10_16_43_07_jpg.rf.22e7d2457de90e19fde6af72d96d42ff.jpg,100,18,82
2012-11-11_06_28_46_jpg.rf.81e47b689a248d4dae6c457e30550d75.jpg,100,0,100
2012-11-11_10_28_57_jpg.rf.ebc0c0af7c36c16344ea1a04bf504fb1.jpg,100,0,100
2012-11-11_10_58_58_jpg.rf.5219748b2eb92fc4f85c4f599bf0934d.jpg,100,0,100
2012-11-11_11_08_59_jpg.rf.ceec4ae2193877af851ac83d1051ab5f.jpg,100,0,100
2012-11-11_11_23_59_jpg.rf.c5a06842ff7efa2e3db45fb49053a040.jpg,100,0,100
2012-11-11_12_24_02_jpg.rf.fce65e238914c81a98efd675f01358e6.jpg,100,1,99
2012-11-11_12_39_02_jpg.rf.21cf944fc2906d139a2447e23262d452.jpg,100,2,98
2012-11-11_15_04_09_jpg.rf.b5d8bb7ea0e6cfc77af78324b6342f74.jpg,100,7,93
2012-11-11_16_14_13_jpg.rf.e5fbadd781951305b04860eac3d7671e.jpg,100,7,93
2012-11-11_16_44_14_jpg.rf.f7ae9b178f7fc1f84ff4a5d3ab4827e2.jpg,101,9,92
2012-11-11_17_24_15_jpg.rf.012fdda4458120464dc25fe976fea4b5.jpg,101,11,90
2012-11-11_17_39_16_jpg.rf.a548c68a842b23ac1c769e9024a3ef0e.jpg,100,10,90
2012-11-11_18_24_18_jpg.rf.fe817106b0fc27544ed1898ab5f1784e.jpg,100,8,92
2012-11-11_18_34_18_jpg.rf.06a87acc32c1d55273c5ba7da901131b.jpg,100,8,92
2012-11-20_12_09_40_jpg.rf.c7451e60f6301390b29e8fcae0339012.jpg,100,50,50
2012-11-20_13_24_41_jpg.rf.ecc90aa55f43893fbe556fc5781c299b.jpg,100,45,55
2012-11-20_16_09_41_jpg.rf.2be192ddb2bebb86940423a3ca3981a6.jpg,100,71,29
2012-11-20_19_24_42_jpg.rf.aba9bb74220671bf9e331f230ae5d455.jpg,100,100,0
2012-12-07_17_02_25_jpg.rf.984517fc68e4e56a127508c5d4e7f7d8.jpg,28,26,2
2012-12-07_18_17_26_jpg.rf.e1f8be6c52cfef277286dc9b7a47b705.jpg,28,22,6
2012-12-07_18_32_26_jpg.rf.ecb81e6f6bff3caadc53caa0c2967f57.jpg,28,24,4
2012-12-07_18_57_27_jpg.rf.451792db16e597d040d5fc89494d339c.jpg,28,18,10
2012-12-07_20_12_28_jpg.rf.5f0333aaf3f0d5ba82d8c2d43a3a776f.jpg,28,18,10
2012-12-07_20_32_28_jpg.rf.54e00d8cc913b2b6fc3dc0c5efc7bf6f.jpg,29,19,10
2012-12-08_07_40_02_jpg.rf.f285c3d00e0369f012ab9012a6d8caa7.jpg,28,0,28
2012-12-08_07_50_02_jpg.rf.747842a718f4b20b27f5ef2eb19c8e93.jpg,28,0,28
2012-12-08_08_40_03_jpg.rf.282c2113e0d3ded75ff7ecd1096011ee.jpg,28,0,28
2012-12-08_09_00_04_jpg.rf.dc0666e24531590b661a1e410e25c1bf.jpg,28,0,28
2012-12-08_09_40_05_jpg.rf.aa4430b8b9d2f08edcd79f73484bef3a.jpg,28,1,27
2012-12-08_09_50_05_jpg.rf.c1267c43b705198e3fd9f2a3b96f1b43.jpg,28,2,26
2012-12-08_10_20_05_jpg.rf.04fb77df2fe5838549dc9a71d6ee11a0.jpg,28,4,24
2012-12-08_10_40_06_jpg.rf.1cb43cb6698809c461c8c05d97f20722.jpg,28,5,23
2012-12-08_11_35_07_jpg.rf.e1ddcce3477d2209d02a057ad7ddaaae.jpg,28,1,27
2012-12-08_11_40_07_jpg.rf.cd4d3d2fc2f4165d0371cd3cc2e4e983.jpg,28,1,27
2012-12-08_12_05_07_jpg.rf.d5cbad298bf7ea53015b5767bd27db2c.jpg,28,1,27
2012-12-08_12_25_08_jpg.rf.808eaef275352faddbb6e3cee65efc33.jpg,28,2,26
2012-12-08_13_25_09_jpg.rf.41f24f879a0ff80a4b78aae104e13dc9.jpg,28,3,25
2012-12-08_14_35_10_jpg.rf.d01b61d8fee9be5b8f39e7a2a7d527b9.jpg,28,0,28
2012-12-08_15_15_11_jpg.rf.c01b9edc8ed5c6a62e63f78c45aea2a1.jpg,28,0,28
2012-12-08_16_15_12_jpg.rf.c92e09f8fca70da1d7552899c0ada8a3.jpg,28,0,28
2012-12-08_16_35_12_jpg.rf.f61be9e3ebf8d6dcff0a903ffa28d806.jpg,28,0,28
2012-12-08_17_25_13_jpg.rf.9ee91c6ea0d1b2acb0ec8f2bfab829f7.jpg,28,0,28
2012-12-08_18_50_15_jpg.rf.97f2813ab929c6f4157589efe623b36d.jpg,28,0,28
2012-12-08_19_25_16_jpg.rf.dfb1d1d16fc8c51c9ebfac69e36e3987.jpg,28,0,28
2012-12-08_19_30_16_jpg.rf.7c1fbca82a2ccdad193b50ec9e0ace35.jpg,28,0,28
2012-12-11_15_36_07_jpg.rf.7971dc6188e09d403da5ac7756c5beb1.jpg,28,28,0
2012-12-11_16_16_08_jpg.rf.019382120a67cd737a7dfab71851c857.jpg,28,28,0
2012-12-11_17_21_09_jpg.rf.7b5cce831e0580f3802f39d65189ad98.jpg,28,25,3
2012-12-11_18_11_10_jpg.rf.9a4b4a7d3fdd8e78bf35aea332335b0c.jpg,28,28,0
2012-12-11_18_56_11_jpg.rf.42751d02bb6106901dda8b6f96fcd2cd.jpg,28,26,2
2012-12-11_20_26_13_jpg.rf.2b762bbeec0bdf57daa37876f472a854.jpg,28,22,6
2012-12-12_10_40_05_jpg.rf.4c7948c5850262509d9e073e5719949a.jpg,28,28,0
2012-12-12_10_45_06_jpg.rf.d982c0a465cce40700da12afa8df1046.jpg,28,28,0
2012-12-12_11_05_06_jpg.rf.ff0c7cffbb14a4ed20957d7ada4a441d.jpg,28,28,0
2012-12-12_11_15_06_jpg.rf.e16dc02277e3dc65772aba3ca3b3944a.jpg,28,28,0
2012-12-12_11_25_06_jpg.rf.c159ec691b2583fb581f377e1448ed4f.jpg,28,28,0
2012-12-12_13_05_08_jpg.rf.af68cb55ad3e74e54192c63d649acaa4.jpg,28,24,4
2012-12-12_14_30_10_jpg.rf.a10d6e0e8cb8866bc41dc7d326ce3f5f.jpg,28,27,1
2012-12-12_14_35_10_jpg.rf.ca699b51a23331176768609c5c6b0d4f.jpg,28,28,0
2012-12-12_14_40_10_jpg.rf.4dcc2a4e66ab9f189bb934822cd95425.jpg,28,28,0
2012-12-12_14_50_10_jpg.rf.17beb8039eb1880b50d5f19b3070d78f.jpg,28,28,0
2012-12-12_14_55_10_jpg.rf.fa41ca9505f06edb0e8b59053c6c4886.jpg,28,28,0
2012-12-12_16_25_12_jpg.rf.00fcc92dae97815b7bd31073b883e2e1.jpg,28,27,1
2012-12-12_16_45_13_jpg.rf.c86aa6244149783f57907331bca9f83d.jpg,28,26,2
2012-12-12_16_50_13_jpg.rf.443df335aabab050fac6cd0689b9a2fe.jpg,28,26,2
2012-12-12_16_55_13_jpg.rf.0b6f26c9fb5d1dfc6e931b244a79a4ec.jpg,28,26,2
2012-12-12_17_05_13_jpg.rf.aa0eec05c58dd60438c02e3fd1bfd0cd.jpg,28,27,1
2012-12-13_10_15_05_jpg.rf.11c8acdd50372e9a47eae9ab264da334.jpg,28,28,0
2012-12-13_11_35_07_jpg.rf.e05b5769d93c50c5e0fd436f129a31fa.jpg,28,28,0
2012-12-13_13_10_09_jpg.rf.56cfe069d310f37d93a1f0fa89339bc8.jpg,28,23,5
2012-12-13_14_30_10_jpg.rf.b5f20ad8e45e2b8421ac4d5e82d3c682.jpg,28,28,0
2012-12-13_14_55_11_jpg.rf.f7d68895d13d07425b4beba65f55239b.jpg,28,27,1
2012-12-13_15_00_11_jpg.rf.ece62d32fa66397d8a2fed4b9b43bdb1.jpg,28,28,0
2012-12-13_16_30_12_jpg.rf.265cdfd76dac8d88be900cb6002b832c.jpg,28,28,0
2012-12-13_16_40_13_jpg.rf.a9680dd3b002865aef2ecc686d603f3f.jpg,28,27,1
2012-12-13_17_45_14_jpg.rf.b36449249afd60f9eec57d0af244d05d.jpg,28,28,0
2012-12-13_18_05_14_jpg.rf.3247f19949cb1083d758b78ac8a72a9e.jpg,28,26,2
2012-12-13_19_40_16_jpg.rf.5c57e6a45b00698da2bf2dea9405f6a2.jpg,28,27,1
2012-12-13_19_55_16_jpg.rf.e531b343f98dfcfb5c8e810748de02f1.jpg,28,26,2
2012-12-13_20_40_17_jpg.rf.a9dfda029413c223c214815ed583826c.jpg,28,22,6
2012-12-14_07_45_02_jpg.rf.38428fd39d1df62ebd26b6d7c11335e8.jpg,28,0,28
2012-12-14_07_50_03_jpg.rf.4705bccf76e2b50e3f51deedb35f59ad.jpg,28,0,28
2012-12-14_08_45_04_jpg.rf.33c5337065cfcc1ca8592a74d24dffe3.jpg,28,28,0
2012-12-14_08_50_04_jpg.rf.1f6ead6487fb2fb8263a62a6709fe568.jpg,28,28,0
2012-12-14_09_40_05_jpg.rf.758e14fcc151c58358df29c8f37bc367.jpg,28,28,0
2012-12-14_09_55_05_jpg.rf.b41539214596a28320b56ced916ae3c3.jpg,28,28,0
2012-12-14_11_25_07_jpg.rf.d469f26386628359397b0c72e4f0c2f3.jpg,28,27,1
2012-12-14_12_20_08_jpg.rf.c358880cbb701f8297659142eac60bba.jpg,28,26,2
2012-12-14_12_45_09_jpg.rf.7c0e73dd75a700b9b995e8eef9f3d280.jpg,28,23,5
2012-12-14_12_55_09_jpg.rf.0f285951f33ce32524a5bb732f253d94.jpg,28,24,4
2012-12-14_13_10_09_jpg.rf.40583e5f9743383e199eb14802811908.jpg,28,21,7
2012-12-14_13_50_10_jpg.rf.ea8ed9c0d3cbab0d705f401df139edcb.jpg,28,25,3
2012-12-14_15_25_12_jpg.rf.1996ba574564f0c491a2a78ac6f1491c.jpg,28,28,0
2012-12-14_15_30_12_jpg.rf.b782fe8ee76e9bfa601d6b1df7ef1714.jpg,28,27,1
2012-12-14_16_25_13_jpg.rf.52fef8c0c47bff783346028168e3f6df.jpg,28,28,0
2012-12-14_17_50_14_jpg.rf.f8e55018e887e3fba44bb0887525a14e.jpg,28,24,4
2012-12-14_18_55_16_jpg.rf.1635417c9557e5fcc7a86be15f7e4e39.jpg,28,23,5
2012-12-14_19_10_16_jpg.rf.60b954e3d2d6d3f0193a63b8527f0771.jpg,28,22,6
2012-12-14_21_00_18_jpg.rf.bb6dbda28f12f512624c964f34ee92fd.jpg,28,17,11
2012-12-15_08_05_03_jpg.rf.f9e4947da3365d697d1cbe4f06b789a4.jpg,28,0,28
2012-12-15_08_50_04_jpg.rf.0c33679de7539e48031de367a71cc143.jpg,28,0,28
2012-12-15_09_15_04_jpg.rf.f8e74965747e487736a5c40da2a5be0e.jpg,28,2,26
2012-12-15_09_25_05_jpg.rf.3efb9b06079abd628e25e10f1fe13e2b.jpg,28,3,25
2012-12-15_10_05_05_jpg.rf.a3d67282ee890b18d922913f37de8f38.jpg,28,15,13
2012-12-15_12_25_08_jpg.rf.f0c497ddccd896070f34b8abc5c2c966.jpg,28,8,20
2012-12-15_13_05_09_jpg.rf.ba5b80522c7d0675401787cfaeab3caf.jpg,28,2,26
2012-12-15_15_05_12_jpg.rf.27ff987d4f4e7cda56cd42219ecaf91d.jpg,28,2,26
2012-12-15_15_10_12_jpg.rf.e00507b2174820fe07293dc395b346f2.jpg,28,2,26
2012-12-15_16_05_13_jpg.rf.117340e8c7cd2937b97b64d8f0170e0c.jpg,28,1,27
2012-12-15_17_25_14_jpg.rf.db534e6a1855472089500b56216c7b00.jpg,28,0,28
2012-12-16_12_25_08_jpg.rf.2619e371a317165b19592f34eba42397.jpg,29,10,19
2012-12-16_13_25_09_jpg.rf.f5dd7226c3822076223925496e1544c9.jpg,28,28,0
2012-12-16_14_00_10_jpg.rf.282ccf11ad807aa5c809a31e1d982a82.jpg,29,28,1
2012-12-16_15_00_11_jpg.rf.306a5f5a4d84f6b719479e6e8c60de72.jpg,29,26,3
2012-12-16_15_15_11_jpg.rf.ed4466b6747e870339f146d8c9ad7ad6.jpg,29,27,2
2012-12-16_15_30_12_jpg.rf.3a9df5240deefae159919a23cd4f083e.jpg,29,26,3
2012-12-16_16_55_13_jpg.rf.369aed40dc64815caebba35d8c2fd793.jpg,28,28,0
2012-12-16_17_20_14_jpg.rf.2acec83700b86da86a63df86b3ccb1be.jpg,29,28,1
2012-12-16_17_35_14_jpg.rf.ae0116a41f7b07d4ef167939eb331722.jpg,28,28,0
2012-12-16_18_10_15_jpg.rf.73c9b608b731680ddc6b9aaf9e52c719.jpg,28,27,1
2012-12-16_19_05_16_jpg.rf.cebacc343c37c26bdffab686f449e4cf.jpg,29,10,19
2012-12-17_10_05_05_jpg.rf.8099ef23f3f268b680610548f8529224.jpg,28,28,0
2012-12-17_11_45_07_jpg.rf.ae9ba2dd49fb7f2c2d0efcdbbecc1f45.jpg,28,28,0
2012-12-17_11_50_07_jpg.rf.04cc72529704f2ecbb62a1f000aabba2.jpg,28,28,0
2012-12-17_12_15_08_jpg.rf.7c361c4682347891d6ab0038f059a2e5.jpg,28,24,4
2012-12-17_12_35_08_jpg.rf.7ed8644198bec6d7cfa313f32c93a491.jpg,28,24,4
2012-12-17_12_40_09_jpg.rf.275fadeb3b3afcdd489c5b0485b9ec3f.jpg,28,26,2
2012-12-17_13_50_10_jpg.rf.10453098ac00e91c55211ab8cbfce4dd.jpg,28,28,0
2012-12-17_16_20_13_jpg.rf.4625c1d025600cef311af40546f93acb.jpg,28,25,3
2012-12-17_19_25_17_jpg.rf.115b9db1dce96319c720dfe195eb6dd9.jpg,28,27,1
2012-12-17_19_55_17_jpg.rf.30298a5591b57a29a588b6783e28ab11.jpg,28,27,1
2012-12-17_20_40_18_jpg.rf.6d212c0bf56d6b496162ef02c0208674.jpg,28,24,4
2012-12-18_10_05_05_jpg.rf.1989729e2ea453920ddffe24336c1a90.jpg,28,28,0
2012-12-18_10_50_06_jpg.rf.b2b48090129d9e197611a2c37d7cb8da.jpg,28,27,1
2012-12-18_11_35_07_jpg.rf.6b172d77d3fd2c7f43b4284252ba3caf.jpg,28,27,1
2012-12-18_12_20_08_jpg.rf.5cc6aeb79ea89d904b899c031a0b7cc8.jpg,28,26,2
2012-12-18_12_25_08_jpg.rf.fdb62c4c31dea82644c728c8a4d68799.jpg,28,25,3
2012-12-18_13_20_09_jpg.rf.817ccfca4c8fd3201429be3717e6b3aa.jpg,28,22,6
2012-12-18_14_15_10_jpg.rf.35f84fda9b957327a4b7958cb3581baf.jpg,29,28,1
2012-12-18_15_00_11_jpg.rf.473111b33ddbf07093734dba53693144.jpg,28,28,0
2012-12-18_17_10_13_jpg.rf.ef574452481122db67ed5e97f0ff4ef5.jpg,28,27,1
2012-12-18_17_45_14_jpg.rf.c29f60cf9c6a1086b20729c3a133c9c8.jpg,28,28,0
2012-12-18_18_25_15_jpg.rf.784879697d241fb40d2cf8dfb709777c.jpg,28,28,0
2012-12-18_18_40_15_jpg.rf.81b500ec35a43e1a67427a1af83ed658.jpg,28,28,0
2012-12-18_20_00_16_jpg.rf.733e71ed010a8ac352edc75d7e39888a.jpg,28,25,3
2012-12-19_11_30_06_jpg.rf.89bc93a783f62107f28819b95a8d0536.jpg,28,28,0
2012-12-19_11_35_06_jpg.rf.5a9db82c61a4703e8463d023f0ddb8f2.jpg,28,28,0
2012-12-19_13_10_08_jpg.rf.97e61eb257aa670665967e0e824dff45.jpg,28,19,9
2012-12-19_13_45_09_jpg.rf.38128fff60a6bd792761a8fdd7ea9b94.jpg,28,26,2
2012-12-19_13_50_09_jpg.rf.f27b0b71109be93ccc33b727dc12d706.jpg,28,27,1
2012-12-19_13_55_09_jpg.rf.6e8fa2b3e776917e5d606a9df6c5c1c6.jpg,28,27,1
2012-12-19_14_10_09_jpg.rf.8514bad152cb05814ab5faedde06db3a.jpg,28,28,0
2012-12-19_14_45_10_jpg.rf.6b12d3ce628c7f7533f8239d19d7bb16.jpg,28,28,0
2012-12-19_15_10_10_jpg.rf.fe7c89e784cc76ea8c7b01a21ef3960c.jpg,28,28,0
2012-12-19_15_15_11_jpg.rf.cfaa958dc4ac2e1d1bad4ca89ffc8529.jpg,28,28,0
2012-12-19_16_50_12_jpg.rf.2f4484cf368060c717baadc51576c20e.jpg,28,27,1
2012-12-19_17_35_13_jpg.rf.4a5667f3fc1602e157c6e6d04ab0e77d.jpg,28,27,1
2012-12-19_20_20_17_jpg.rf.96b823d0c1b317678bde765eb87ee4f9.jpg,28,24,4
2012-12-20_10_20_05_jpg.rf.06a8f0d4479767a609ce20a92f094e37.jpg,28,28,0
2012-12-20_11_15_06_jpg.rf.b66121e8da0a173c58c8a64ab46b2d92.jpg,28,28,0
2012-12-20_11_25_06_jpg.rf.d89f116e970d01dffa7e392835327404.jpg,28,28,0
2012-12-20_12_45_07_jpg.rf.b9e97dc1440a2ef7b99675567bd054dc.jpg,28,26,2
2012-12-20_13_15_08_jpg.rf.4a04b3c9ce1554ddd16ca3cc1c78ca90.jpg,28,26,2
2012-12-20_13_25_08_jpg.rf.3f79e1daea8f62469d257e20584032e0.jpg,28,26,2
2012-12-20_13_30_08_jpg.rf.a936f646c6cafad58f45eb33fa3ea5aa.jpg,28,25,3
2012-12-20_13_50_08_jpg.rf.4cb2b7aaefb1464038782677fd18263a.jpg,28,26,2
2012-12-20_14_40_09_jpg.rf.89f37b37a153f8bcf4ff3bed892ee47e.jpg,28,27,1
2012-12-20_15_00_10_jpg.rf.e14bc0f03cb9197c29c73f417cecea88.jpg,28,28,0
2012-12-20_15_20_10_jpg.rf.a1272eaa3beb35420c7c4a58dc988dc8.jpg,28,28,0
2012-12-20_15_35_10_jpg.rf.aa9aa80024f13d38ac4ea265e0d362ae.jpg,28,28,0
2012-12-20_16_20_11_jpg.rf.c636bd0259332dd0ae7a89802867e001.jpg,28,27,1
2012-12-20_16_35_11_jpg.rf.41a36728c9195792f63e3ea8144cbac9.jpg,28,27,1
2012-12-20_16_45_11_jpg.rf.94ddc3f4bf7c07e3135b584faf5e538c.jpg,28,26,2
2012-12-20_17_05_12_jpg.rf.3060d877d4ccdeb721c8d7f6652dd4a3.jpg,28,22,6
2012-12-20_18_25_13_jpg.rf.31ba1aeb5a1977f3836ca8d84b1004ff.jpg,28,27,1
2012-12-20_20_00_15_jpg.rf.45f944417b55196d7e477602493ac6cd.jpg,28,27,1
2012-12-21_09_55_05_jpg.rf.45c0f47ed1b6b83f45167adafa31f896.jpg,28,27,1
2012-12-21_11_05_06_jpg.rf.787244c455544f22c0461444e1fbaa72.jpg,28,22,6
2012-12-21_11_30_07_jpg.rf.e06b2e40b4df96dc7ff0db096b165967.jpg,28,22,6
2012-12-21_11_35_07_jpg.rf.968acce322a715afd1370a75ebe35495.jpg,28,24,4
2012-12-21_12_00_07_jpg.rf.c8a661effbab0ef68ec60818cca95f40.jpg,28,25,3
2012-12-21_12_30_08_jpg.rf.5acdeab09e04ef85591d99de4d1a9095.jpg,28,23,5
2012-12-21_12_35_08_jpg.rf.e57547e6d8f468b7e49e010902aab2d4.jpg,28,21,7
2012-12-21_18_00_14_jpg.rf.03a75f51abdd6c57dfb6e290fe0d9d8a.jpg,28,15,13
2012-12-22_09_45_05_jpg.rf.2f3b76f03f3562405ac58fe5eaa31de3.jpg,28,0,28
2012-12-22_10_20_06_jpg.rf.7899e50efdf675ab2ec90e7286dd8eb1.jpg,28,1,27
2012-12-22_13_05_09_jpg.rf.601568b812105f91371745709f733771.jpg,28,1,27
2012-12-22_13_20_09_jpg.rf.41d1c094403e60e203c39532161d8cce.jpg,28,1,27
2012-12-22_14_00_10_jpg.rf.a98918835f60fd2a139b74adb3e98ea2.jpg,28,1,27
2012-12-22_16_05_12_jpg.rf.dcf85c9ca0ff38ecbdffd1b840e59c01.jpg,28,0,28
2012-12-22_16_35_13_jpg.rf.d69806647c07bdb9da696c2887731b5c.jpg,28,0,28
2012-12-22_18_00_15_jpg.rf.46b1027ff113e23dbf5a442427f08557.jpg,28,0,28
2012-12-22_18_50_15_jpg.rf.33929ba47ed33341b177fdec8534d70a.jpg,28,0,28
2012-12-22_20_25_17_jpg.rf.f0c63eebf48c2e01efed8346246a708b.jpg,28,0,28
2012-12-23_08_35_03_jpg.rf.521e3a2bba2be562c7d67b2725a890d3.jpg,28,0,28
2012-12-23_08_50_04_jpg.rf.314296d16ef2aacdb21dae3d22f7dd83.jpg,28,0,28
2012-12-23_09_25_05_jpg.rf.80601370d25cac90e37895449489da9d.jpg,28,0,28
2012-12-23_11_35_07_jpg.rf.b03920ed26399960af434467893da19f.jpg,28,0,28
2012-12-23_12_10_07_jpg.rf.c4905865b6955f1db7f62dbada80dbf1.jpg,28,0,28
2012-12-23_13_05_08_jpg.rf.f35db3d8db7575b75ed7841d4ef45812.jpg,28,0,28
2012-12-23_13_40_09_jpg.rf.e1b0d3c8126ee5d2b2a86e212148cbbd.jpg,28,0,28
2012-12-23_14_00_09_jpg.rf.2a13072d21d4f3d47a7c5cd4548a0566.jpg,28,0,28
2012-12-23_15_15_11_jpg.rf.989cf81ee1d9f1253afef72ceeb2804a.jpg,28,0,28
2012-12-23_16_15_12_jpg.rf.fab5fddb1dd33eb4fbbc8762c9091c7f.jpg,28,0,28
2012-12-23_18_20_14_jpg.rf.1b4e08f61f6f137e317b2f1e7dd9f860.jpg,28,0,28
2012-12-23_18_30_15_jpg.rf.032683028f1ae8db557524eb7e27314f.jpg,28,0,28
2012-12-23_18_50_15_jpg.rf.26f38b01dd2c07995328de08a5d436e1.jpg,28,0,28
2012-12-24_08_35_03_jpg.rf.c7d50f80460f34b02ac8c8323b99425c.jpg,28,0,28
2012-12-24_08_40_03_jpg.rf.8ef0fa3202129951cc6838595fc6322a.jpg,28,0,28
2012-12-24_11_20_06_jpg.rf.43986c2bfe4ff07300ff441407808bb1.jpg,28,0,28
2012-12-24_12_05_07_jpg.rf.0d113bdf6d61087b7a09c87c8534f3b7.jpg,28,0,28
2012-12-24_13_45_08_jpg.rf.2f087e4e09df08891a91faa85a50d4b8.jpg,28,0,28
2012-12-24_14_20_09_jpg.rf.cac7bae358367c1feec18d2f76ff70f2.jpg,28,0,28
2012-12-24_14_25_09_jpg.rf.b44b4d577802b810dbadc30544e34497.jpg,28,0,28
2012-12-24_14_30_09_jpg.rf.65b37f7d6c604bffd6a703be3a085443.jpg,28,0,28
2012-12-24_15_05_10_jpg.rf.56736ae7d4522453f21b5a8d2bfc262b.jpg,28,0,28
2012-12-24_15_10_10_jpg.rf.cd1fbfddef2613a9f4e60e0c41483c2e.jpg,28,0,28
2012-12-24_15_50_11_jpg.rf.988dd3fbc6750d53a4062726e2644753.jpg,28,0,28
2012-12-24_17_05_12_jpg.rf.30457dda0a712c008b3aa12de490a4a7.jpg,28,0,28
2012-12-24_17_35_13_jpg.rf.0d4badebb5ee9542b28221e5fcc0e954.jpg,28,0,28
2012-12-24_19_30_15_jpg.rf.6d6e2508725f65dd401429cfd5d08e9d.jpg,28,0,28
2012-12-24_20_35_16_jpg.rf.fa61cfe880576397134c4770d811861b.jpg,28,0,28
2012-12-25_11_35_06_jpg.rf.19df80e4d3afd5adaf6f31692056f62a.jpg,28,0,28
2012-12-25_16_15_11_jpg.rf.35340dafa41b8ba1b20d73a12e31de77.jpg,28,0,28
2012-12-25_17_30_13_jpg.rf.5a25565c8bc3f5c3da9e6bf051e8f058.jpg,28,0,28
2012-12-25_17_50_13_jpg.rf.f8cb18f0091e2599b6155d21802f1f7f.jpg,28,0,28
2012-12-25_17_55_13_jpg.rf.c298606102ebecdffd65badb0aa4b7c8.jpg,28,0,28
2012-12-25_18_55_14_jpg.rf.20b06241c5769f51ca1dd5483b6345a3.jpg,28,0,28
2012-12-25_19_20_15_jpg.rf.85baabf24817cf741109fe4b0a1f2254.jpg,28,0,28
2012-12-25_20_15_16_jpg.rf.194e492a7311bb2326f9994f64244614.jpg,28,0,28
2012-12-25_21_00_16_jpg.rf.7a74f3cb2cfffd742377c21a9df3f73c.jpg,28,0,28
2012-12-26_09_35_05_jpg.rf.1a8641217f4ce1e95045377e398125e7.jpg,28,0,28
2012-12-26_10_15_05_jpg.rf.6f88813f4452050289e24a12f13ea1a4.jpg,28,1,27
2012-12-26_11_10_06_jpg.rf.01279b93fab558a920839c6bc4aaaf5b.jpg,28,2,26
2012-12-26_15_35_11_jpg.rf.b87ea599745ecce8fcc79101722a18a5.jpg,28,0,28
2012-12-26_18_45_15_jpg.rf.dbe014b65b6c035a6ea208394479ec56.jpg,28,1,27
2012-12-26_19_20_16_jpg.rf.c2ed0f9475155e9ab4a22a2f4ad09584.jpg,28,1,27
2012-12-26_19_35_16_jpg.rf.2e247e9aa7b33c391d001f490e70c879.jpg,28,1,27
2012-12-27_11_05_06_jpg.rf.14e9835f9d514bc1416c7e1f4ac93c5b.jpg,28,2,26
2012-12-27_11_10_06_jpg.rf.45185c5e21e17e0ebd18c43ef268398c.jpg,28,2,26
2012-12-27_11_20_06_jpg.rf.55a5a2fd26f8f3b1abcd7cf6544113b3.jpg,28,2,26
2012-12-27_12_20_07_jpg.rf.360018cddb1353167b7e28aed8eeedda.jpg,28,1,27
2012-12-27_12_45_08_jpg.rf.9f3d3b1e9873f6e7655714fd6f08d21b.jpg,28,2,26
2012-12-27_13_50_09_jpg.rf.e81a852ea8f7bd0b7efdd419b6ce2754.jpg,28,3,25
2012-12-27_14_40_10_jpg.rf.3c0d42c986c57482bd4fdc71a479e742.jpg,28,3,25
2012-12-27_14_50_10_jpg.rf.f8a6721018adbd45b31221871f686588.jpg,28,2,26
2012-12-28_08_20_03_jpg.rf.d2af1534336def6c58527fcfc2f9ce53.jpg,0,0,0
2012-12-28_12_00_08_jpg.rf.18854baf89ee14375643ccc3734e1007.jpg,0,0,0
2012-12-28_12_30_08_jpg.rf.b13c7acfb21bf6691fa4423bf6114538.jpg,0,0,0
2012-12-28_13_05_09_jpg.rf.b3a96c8758124f6a574b9f5e1e7bd534.jpg,0,0,0
2012-12-28_14_25_10_jpg.rf.450c4073767901025d821270feac7359.jpg,0,0,0
2012-12-28_15_20_11_jpg.rf.1816f072ea2ea3b0ec22f53b311f5891.jpg,0,0,0
2012-12-28_16_10_12_jpg.rf.d85412eacf4359acbae6fe29be361b80.jpg,0,0,0
2012-12-28_16_45_12_jpg.rf.6cebb63a6da86eac1a2c921fd79b76b8.jpg,0,0,0
2012-12-28_17_05_13_jpg.rf.fca86f04814d7a431bf5cd4a78b447e1.jpg,0,0,0
2012-12-28_17_45_13_jpg.rf.f2e9018293acbd215a6ec8974c2646f2.jpg,0,0,0
2012-12-28_17_55_14_jpg.rf.8abf21b7f8adf1d8d18d667e19915a49.jpg,0,0,0
2012-12-28_18_20_14_jpg.rf.b0b002d0e5b14f20ac22ef2ff2bb5d9d.jpg,0,0,0
2012-12-28_19_05_15_jpg.rf.b1965971965bfd9eaef903a9fb15f111.jpg,0,0,0
2012-12-28_19_50_16_jpg.rf.03e64d425e9b7aec5d31bb6ac33af501.jpg,0,0,0
2012-12-28_20_50_17_jpg.rf.30e19bad9b474cdef50a96016b3954f3.jpg,0,0,0
2012-12-28_20_55_17_jpg.rf.d3e727ae68c981aef449d752c33c7d9b.jpg,0,0,0
2012-12-29_11_35_34_jpg.rf.ff30bcf70d4d68f66811f99d4f470308.jpg,0,0,0
2012-12-29_12_25_35_jpg.rf.7923b4eaac9a78470e9c56e796f3ac2c.jpg,0,0,0
2012-12-29_12_55_35_jpg.rf.235c4c5e9ef16d803b0e89cfd4b222a9.jpg,0,0,0
2012-12-29_14_15_37_jpg.rf.0ffea0469ad13105316deed798f31cab.jpg,0,0,0
2012-12-29_14_25_37_jpg.rf.23dcff5c07263007e5fe2bbeff6bd888.jpg,0,0,0
2012-12-29_14_35_37_jpg.rf.6d53ec59b1af3f3164082929f80a7cc2.jpg,0,0,0
2012-12-29_16_25_40_jpg.rf.d001c6c28cf755895419ecccf877a649.jpg,0,0,0
2012-12-29_17_55_41_jpg.rf.b145eec95028e85881d9b8899de24e19.jpg,0,0,0
2012-12-29_18_05_42_jpg.rf.e31dd0003a540227ae46daba2b2089b4.jpg,0,0,0
2012-12-29_18_55_43_jpg.rf.4b6a48c513e3f2b7fb58b90536a13c16.jpg,0,0,0
2013-01-15_14_01_50_jpg.rf.2aeede1cf8e5f804c5d6f5266c678f33.jpg,28,6,22
2013-01-15_14_16_50_jpg.rf.6ff356924791d7ba5d5f2f7d78c0c321.jpg,28,7,21
2013-01-15_16_41_55_jpg.rf.3ee7518016bc3fceb898b66a3dfbab0a.jpg,28,10,18
2013-01-15_18_51_57_jpg.rf.526e6f285918a9a1496ac47861fab212.jpg,28,6,22
2013-01-15_19_36_58_jpg.rf.5589195cb45e3d752b23250bc2254fa9.jpg,28,4,24
2013-01-15_19_41_58_jpg.rf.7264ef0f838995feb0bf3a6453acac8e.jpg,28,4,24
2013-01-16_07_50_03_jpg.rf.9f1958b36cc91f918057a5d76044b5fe.jpg,28,0,28
2013-01-16_09_20_05_jpg.rf.bef169d9f43612b9546667d4219c4231.jpg,28,2,26
2013-01-16_10_00_05_jpg.rf.e6a0dc248b9869d588827fc3267f3292.jpg,28,7,21
2013-01-16_10_50_06_jpg.rf.7cebc1739d5e8d122c34423827dc5e7c.jpg,28,9,19
2013-01-16_10_55_06_jpg.rf.3534f923f423117bbcd4b7c61649feb1.jpg,28,10,18
2013-01-16_11_35_07_jpg.rf.41348322ad588721813c518c3e897dbf.jpg,28,10,18
2013-01-16_12_00_07_jpg.rf.9176c131eacf0cd121555bb4aef4f0e2.jpg,28,9,19
2013-01-16_16_35_13_jpg.rf.8c69fa85b219d6ac4100e045141a0c18.jpg,28,18,10
2013-01-16_17_05_13_jpg.rf.4de6f79f0d4ebcc6749591c0967e3ee8.jpg,28,19,9
2013-01-16_18_35_15_jpg.rf.4660e3c84e72a1cd985b6135d3fa31af.jpg,28,9,19
2013-01-16_19_10_15_jpg.rf.22bc35eeef3e696fd43639418f575812.jpg,28,4,24
2013-01-16_19_50_16_jpg.rf.848177daba82721f9e43cb6ceb1564ee.jpg,28,2,26
2013-01-16_20_35_17_jpg.rf.0ffac04846dd0da634fe736c5f35fbef.jpg,28,0,28
2013-01-16_20_40_17_jpg.rf.80225872dd982bb4b92c9f9ca64bbd33.jpg,28,0,28
2013-01-17_10_20_06_jpg.rf.7e87295dc9ccea5595409228f2e59c78.jpg,28,8,20
2013-01-17_11_00_07_jpg.rf.8fb5b8bc6e17685471420167d613f2e3.jpg,28,13,15
2013-01-17_12_05_08_jpg.rf.d06dafc3babc142728f65f9ec50521f9.jpg,28,17,11
2013-01-17_13_00_09_jpg.rf.1e4f3edd332568e55bfb466c04c8bded.jpg,28,14,14
2013-01-17_14_05_10_jpg.rf.d6310fd5c82707438b62ddf749295a6f.jpg,28,11,17
2013-01-17_15_00_11_jpg.rf.893dad2ddb55e87dc0d8d69a66843379.jpg,28,9,19
2013-01-17_15_30_11_jpg.rf.d533d2b885484d9d5c9a8a6b23f1d1ff.jpg,28,12,16
2013-01-17_16_25_12_jpg.rf.b462a01ac89525fc78d979237f73f146.jpg,28,12,16
2013-01-17_18_00_14_jpg.rf.73d4cc1c932e11f3f14fd286e758f659.jpg,28,8,20
2013-01-17_18_50_15_jpg.rf.ad994176141bc40e93df2bdd23e0f0b3.jpg,28,6,22
2013-01-17_19_45_16_jpg.rf.87c58fcedc6592f400084d85b5a4b4ba.jpg,28,4,24
2013-01-17_20_35_17_jpg.rf.94e6e794538c0aaad2eeac50073d369a.jpg,28,1,27
2013-01-18_07_40_02_jpg.rf.da1918b06f7534fc9a2983281df649df.jpg,28,0,28
2013-01-18_10_45_06_jpg.rf.01c4b3d2234fa04fa333c032894df55d.jpg,28,6,22
2013-01-18_11_25_07_jpg.rf.ce1c3ec015e9348d936740fae2169513.jpg,28,6,22
2013-01-18_11_55_07_jpg.rf.3f2452de8d755aa6adbb6fc5dd728088.jpg,28,5,23
2013-01-18_12_15_08_jpg.rf.0564ae6f67198dec8966546b7974eee0.jpg,28,5,23
2013-01-18_12_30_08_jpg.rf.dc076e0a2b784c995cff4493a2157a05.jpg,28,5,23
2013-01-18_16_15_12_jpg.rf.e7c83238984800be0b0bf1fe11fa0b80.jpg,28,5,23
2013-01-18_16_35_12_jpg.rf.8442c0b1ce7571c2f069d0c6e73dd066.jpg,28,4,24
2013-01-18_17_30_13_jpg.rf.33f5c05de84a0a913e8164e96a5c4fee.jpg,28,5,23
2013-01-18_17_50_14_jpg.rf.0484ea9ff9602e1bec00d9aac7d06bd4.jpg,28,5,23
2013-01-18_18_30_15_jpg.rf.862a569a58ac6ed1fa7d53b2a675feb9.jpg,28,3,25
2013-01-18_18_50_15_jpg.rf.ef649a546cc7974ddcbab1a8d25fbd13.jpg,28,3,25
2013-01-18_19_20_16_jpg.rf.d4f4d865e83b200ef981cd48d39c4d72.jpg,28,4,24
2013-01-19_09_00_04_jpg.rf.fc9c18286e8ea8ce829ee649009c9a28.jpg,28,0,28
2013-01-19_09_50_05_jpg.rf.a473a255a22a9a2366369cefcd8a8f33.jpg,28,0,28
2013-01-19_10_10_05_jpg.rf.e19e670d60e49a3e4052da656c738f5a.jpg,28,0,28
2013-01-19_10_15_05_jpg.rf.7f3482472ccac348c290e8a7d8714735.jpg,28,0,28
2013-01-19_14_30_10_jpg.rf.0e01cb9498ae3b88e6173c1498fe5622.jpg,28,0,28
2013-01-19_16_15_12_jpg.rf.db3e335902557610865ff0a43f331054.jpg,28,0,28
2013-01-19_16_25_12_jpg.rf.a0dc2b13c0b4395a6cb88ce1d9ffba88.jpg,28,0,28
2013-01-19_18_50_15_jpg.rf.127576a5e0509a91a8b19f6fb08fc649.jpg,28,0,28
2013-01-19_19_25_15_jpg.rf.ae801c119122a9440a0eb2f030f1527b.jpg,28,0,28
2013-01-19_19_45_16_jpg.rf.50aced26184f2e4098b30778b8c499c7.jpg,28,0,28
2013-01-19_19_50_16_jpg.rf.edadc2c0dbf85a787e8eab606f112525.jpg,28,0,28
2013-01-20_08_00_03_jpg.rf.e5eb0828a9d849020471a55eddda070c.jpg,28,0,28
2013-01-20_08_10_03_jpg.rf.c55283e10086a16b603bd808f0839113.jpg,28,0,28
2013-01-20_08_25_03_jpg.rf.9dac6406ecf7544772db918fb2588a30.jpg,28,0,28
2013-01-20_09_05_04_jpg.rf.0c751344032c62eca075ee65c9b65590.jpg,28,0,28
2013-01-20_10_20_05_jpg.rf.8900d8f22b3374486903595a9920dcb6.jpg,28,0,28
2013-01-20_12_55_08_jpg.rf.283f9a1f195581696d9f37c365e3a5b3.jpg,28,0,28
2013-01-20_13_00_08_jpg.rf.d8a0f9fa0ea0add87932076c7995c0cb.jpg,28,0,28
2013-01-20_13_25_09_jpg.rf.92ae252a49f28a83a21d94223a66eea7.jpg,28,0,28
2013-01-20_14_05_09_jpg.rf.eba8c7f95efb150d7782dd0b1cdb46dd.jpg,28,0,28
2013-01-20_14_25_10_jpg.rf.57fb6a5289bd0d4df1714f906880d618.jpg,28,0,28
2013-01-20_15_05_11_jpg.rf.a397e18191663f2586d9728c83ce7593.jpg,28,0,28
2013-01-20_16_45_12_jpg.rf.c97ea1f897babb86ca04340e892241b3.jpg,28,0,28
2013-01-20_18_35_14_jpg.rf.dc39072ee1eacfaeec6dde38de12c70b.jpg,28,0,28
2013-01-20_19_15_15_jpg.rf.f7785078aeb2394938c8ed9433c6314b.jpg,28,0,28
2013-01-20_19_30_15_jpg.rf.0af1ea403af62e5770d69201b28d2f88.jpg,28,0,28
2013-01-20_20_35_16_jpg.rf.1f2fac36ce1c3240fefdbc6509229a11.jpg,28,0,28
2013-01-21_07_40_02_jpg.rf.b4c507e0116efa598a048d6a7d57a425.jpg,28,0,28
2013-01-21_07_55_03_jpg.rf.5bf8bef13252a2861c33befa77f84f37.jpg,28,0,28
2013-01-21_08_25_03_jpg.rf.ebf696e1092b0566c89725da7dc3067d.jpg,28,25,3
2013-01-21_09_10_04_jpg.rf.f3f883c285057b2b545344f7f45ced55.jpg,28,28,0
2013-01-21_10_05_05_jpg.rf.e965b3aaae68c23bf4dac423f2575993.jpg,28,28,0
2013-01-21_10_55_06_jpg.rf.7decf9e3a8f7a9e37b613d812eb2af8d.jpg,28,27,1
2013-01-21_11_05_06_jpg.rf.5248b2ee1ccdbf3f3281fe08b18b797f.jpg,28,27,1
2013-01-21_11_45_07_jpg.rf.a1a3dbf308280e13c147133631f8d47d.jpg,28,27,1
2013-01-21_12_05_07_jpg.rf.00ace9ff238cb4b31a21b3bbc583cbcf.jpg,28,24,4
2013-01-21_12_10_07_jpg.rf.9cab784b5fe12f687c0eb79b9d0c1e00.jpg,28,23,5
2013-01-21_13_25_09_jpg.rf.9fb7b692bbf882d901619dff2f22b0de.jpg,28,25,3
2013-01-21_14_05_10_jpg.rf.b172269acfe24dd773ae4aaa4b27e211.jpg,28,27,1
2013-01-21_14_35_10_jpg.rf.8bdc585cb78eb686c60dacab3fd2d3f7.jpg,28,28,0
2013-01-21_15_30_11_jpg.rf.bb6a6ef2f90bd55c3adcbb1cbd2379b4.jpg,28,28,0
2013-01-21_16_45_12_jpg.rf.0314fca89334c088093f06f673922e03.jpg,28,27,1
2013-01-21_16_55_13_jpg.rf.3f815b7349895b9318226ef930de7a33.jpg,28,23,5
2013-01-21_17_15_13_jpg.rf.aebd0fccb6ce01563ec0981851e88d26.jpg,29,27,2
2013-01-21_17_55_14_jpg.rf.e9909b9097d5f0f659668de983f37e5d.jpg,28,23,5
2013-01-21_18_05_14_jpg.rf.9ee7d5367cbd349b6cce7b7a045b5aef.jpg,28,23,5
2013-01-21_19_15_15_jpg.rf.fe4e2dc1093d1e3264dc30c8f9c20eeb.jpg,28,24,4
2013-01-21_19_20_15_jpg.rf.a426d4f79c62481fc6ab3d5c5865181e.jpg,28,25,3
2013-01-21_20_05_16_jpg.rf.d5ea1b91c9406302f9e458b4d29812d5.jpg,28,28,0
2013-01-21_20_55_17_jpg.rf.0d8d2ae212d61b3ddc073901dee2cee1.jpg,28,26,2
2013-01-22_09_30_05_jpg.rf.bba05df6e909ed921745f723358a2710.jpg,28,28,0
2013-01-22_10_10_05_jpg.rf.bde5febac43d35049b36d8c63b986fb9.jpg,28,28,0
2013-01-22_10_35_06_jpg.rf.9dac642fe19d48d4ab0dc15f549408c0.jpg,28,28,0
2013-01-22_11_40_07_jpg.rf.5a2ffd26c506edc1f800896974c935b5.jpg,28,27,1
2013-01-22_13_40_09_jpg.rf.3e5297c8da54a6ae6e3facbdba0dc10c.jpg,28,26,2
2013-01-22_16_25_11_jpg.rf.abbca2b4f7929586dcc4091d98d037ee.jpg,28,28,0
2013-01-22_17_20_12_jpg.rf.68414051dec6f876705c4dc819e769c1.jpg,28,23,5
2013-01-22_17_25_12_jpg.rf.6521f8b74394166d418c75d6bc5c2f82.jpg,28,24,4
2013-01-22_18_00_13_jpg.rf.4dbc34794031bafaaeaa3ee526730d4b.jpg,28,25,3
2013-01-22_18_05_13_jpg.rf.5a3895184eed2c34501b78f911add994.jpg,28,24,4
2013-01-22_18_10_13_jpg.rf.bd110d14b566a87b550dba91b03e5585.jpg,28,23,5
2013-01-22_18_20_13_jpg.rf.f77915d4fe2eecaad2e2c8d90fab6cb3.jpg,28,22,6
2013-01-22_18_30_13_jpg.rf.3e8bbf1b8cdb92cb0daf6346f626f9ab.jpg,28,23,5
2013-01-22_18_40_13_jpg.rf.3105f42f62cfd253ce43305149f74aec.jpg,28,21,7
2013-01-22_18_45_14_jpg.rf.955edd56b2300e31539f57afde567d7c.jpg,28,19,9
2013-01-22_18_55_14_jpg.rf.b9266f34c1531834f678f5d65ed83322.jpg,28,24,4
2013-01-22_19_25_14_jpg.rf.91ffbb28d6bffdce468221f169d552c0.jpg,28,28,0
2013-01-22_19_40_14_jpg.rf.a075dc0dfaf2688d73312f7e97064628.jpg,28,28,0
2013-01-22_20_40_15_jpg.rf.24176d8ab7816b20a27d70dc5074cd6a.jpg,28,23,5
2013-01-22_20_50_16_jpg.rf.ba38a5ab2f2b0082ef05195ea467da82.jpg,28,22,6
2013-01-29_14_11_16_jpg.rf.c01fad108ce7def30bac72050d07bb89.jpg,28,28,0
2013-01-29_14_21_16_jpg.rf.c115a8e0535fa3f8a9c48cbb5c01c51a.jpg,28,28,0
2013-01-29_15_46_17_jpg.rf.0d718b07fcd7878e415df950f730356f.jpg,28,28,0
2013-01-29_16_46_18_jpg.rf.136e979228212773edd2acf3012cb34c.jpg,28,28,0
2013-01-29_17_06_19_jpg.rf.98d2e669f5dc0d9292f0abb198405603.jpg,28,28,0
2013-01-29_17_11_19_jpg.rf.acf1ab093e2d54fbff24e76580170a5d.jpg,28,28,0
2013-01-29_18_51_21_jpg.rf.2f1a2e0e73efadeb182ec54d9abe4d84.jpg,28,27,1
2013-01-29_20_16_22_jpg.rf.1fb9c3f41b6306e95481e6ac98e73bb3.jpg,29,25,4
2013-01-29_20_31_23_jpg.rf.9762c84d0f32e3d0edc5af1069c0ce59.jpg,28,25,3
2013-01-29_20_56_23_jpg.rf.a80c1ed8acbf6ec4b7c0e71b91de50fe.jpg,28,27,1
2013-02-22_07_40_01_jpg.rf.9396dec46ef9e74ce8194d7080f4e817.jpg,40,40,0
2013-02-22_07_50_01_jpg.rf.8ceb2f23f404ec9693793876a6798020.jpg,40,40,0
2013-02-22_08_05_02_jpg.rf.f6d75e813c65ed05270e030fc619ee57.jpg,40,40,0
2013-02-22_08_40_02_jpg.rf.7b95fa524f0439bb9440fa934f95af4d.jpg,40,40,0
2013-02-22_08_45_02_jpg.rf.dc180d5985d756010f02e8e5ec813dab.jpg,40,40,0
2013-02-22_09_30_03_jpg.rf.733f55a0c12cc16b444dbd4c93ed9699.jpg,40,40,0
2013-02-22_10_20_04_jpg.rf.80d9057cefaec50b1ec2360ad239065e.jpg,40,40,0
2013-02-22_10_30_04_jpg.rf.501d9a6a3066249f167096bb009c0740.jpg,40,40,0
2013-02-22_10_35_05_jpg.rf.f686a8c2fd58b897fab1bb619c4b9f5b.jpg,40,40,0
2013-02-22_10_40_05_jpg.rf.e8af898bf9aaf71b78c0f042958e423b.jpg,40,40,0
2013-02-22_11_15_05_jpg.rf.de59fee64b6afde1ea9089e7d43338d3.jpg,40,37,3
2013-02-22_11_30_05_jpg.rf.d71dec0aff57746ff33740ac8114e08e.jpg,40,34,6
2013-02-22_11_35_06_jpg.rf.bcee438c8d76a04ec6527bd178753969.jpg,40,30,10
2013-02-22_12_20_06_jpg.rf.604cbe4760bad1a7753da86c75ee95e9.jpg,40,35,5
2013-02-22_13_10_07_jpg.rf.517c0edb3f9da3b3f70655c45fe9fbef.jpg,40,35,5
2013-02-22_14_40_09_jpg.rf.da2995f0dc1e3b846f61625cebf81edf.jpg,40,40,0
2013-02-22_15_35_10_jpg.rf.af4a48c39c4c1e50191ba20a2fea6645.jpg,40,34,6
2013-02-22_17_05_11_jpg.rf.de71d633c65894f17ab4e394221aa8c3.jpg,40,29,11
2013-02-22_17_30_12_jpg.rf.e4161e6460b88e8c4ee458a48763adcb.jpg,40,23,17
2013-02-22_18_15_13_jpg.rf.4e82bedd3eadb051f9d630e29974af81.jpg,40,24,16
2013-02-22_18_35_13_jpg.rf.9f9685576128b3d10e6bb91627210fd5.jpg,40,23,17
2013-02-23_06_10_00_jpg.rf.9da5dd717203e0e59c0562a6ebb15a2c.jpg,40,2,38
2013-02-23_06_15_00_jpg.rf.b515c5835e92781547b5afdd8caef15e.jpg,40,2,38
2013-02-23_06_50_00_jpg.rf.72bfe35073774f2dac624e07aea2d04e.jpg,40,2,38
2013-02-23_07_05_01_jpg.rf.eb4c7f4fb6e281ad2cc7ba7dad4e814d.jpg,40,2,38
2013-02-23_07_25_01_jpg.rf.b6b9e84d7f32de084c4fc36bf27ac0af.jpg,40,2,38
2013-02-23_08_15_02_jpg.rf.7958f5285e51748219d6c575513c4b39.jpg,40,3,37
2013-02-23_08_30_02_jpg.rf.3b8df9665ba41abf6a68f49ab741f27a.jpg,40,4,36
2013-02-23_09_25_03_jpg.rf.fd8a87f8b1402a45f3e8fcdd357ea776.jpg,40,12,28
2013-02-23_10_05_04_jpg.rf.f89bdb845f6c47d355728abc04dc031f.jpg,40,12,28
2013-02-23_11_25_05_jpg.rf.6d1d4c6d05113160d4c55d3cf7c93983.jpg,40,12,28
2013-02-23_11_30_05_jpg.rf.dc094a104dd68f2f0e3f09d48e871b42.jpg,40,12,28
2013-02-23_11_35_05_jpg.rf.f788b24eabcaf4722cfe0391647296db.jpg,40,13,27
2013-02-23_11_50_06_jpg.rf.035145f98104c9ce509cbf9ee357f7ef.jpg,40,13,27
2013-02-23_12_10_06_jpg.rf.4406b722e7398266cd49309ae1439739.jpg,40,10,30
2013-02-23_14_35_08_jpg.rf.a2a114bbc1ad1cf82578e89d2f3e72c2.jpg,40,4,36
2013-02-23_15_15_09_jpg.rf.fb334c4f3048c3d073ffcc1f6390cd30.jpg,40,4,36
2013-02-23_15_35_09_jpg.rf.94b933027eba77b580726e029d42ff1c.jpg,40,4,36
2013-02-23_17_05_11_jpg.rf.b8a6fea3accfeac1dee3b054dd884f03.jpg,40,4,36
2013-02-23_17_20_11_jpg.rf.02b0250733dad504c14fd56e367633b2.jpg,40,2,38
2013-02-24_06_30_00_jpg.rf.9a3210c68bff99fd5ddf29302b44ae3c.jpg,40,0,40
2013-02-24_06_40_00_jpg.rf.d176e94bebe61c679c5613c993f23791.jpg,40,0,40
2013-02-24_07_00_01_jpg.rf.b7852d54282bd34e807e2f4655cb5dbe.jpg,40,0,40
2013-02-24_07_15_01_jpg.rf.5db5b628141d21fd136abe8c8a0a90f6.jpg,40,0,40
2013-02-24_08_05_02_jpg.rf.6778db8693c20400db73d48f2f6cfb6b.jpg,40,0,40
2013-02-24_08_10_02_jpg.rf.fbb5038768766abea31e8bb3287a82b9.jpg,40,0,40
2013-02-24_09_15_03_jpg.rf.8a843f0469cca008b28c4609038ad1c9.jpg,40,0,40
2013-02-24_12_05_06_jpg.rf.1ad6718596f20c8e1ef8366a6ce299ff.jpg,16,0,16
2013-02-24_13_35_08_jpg.rf.17e687c0f31930412fe313857f54b203.jpg,40,0,40
2013-02-24_14_05_08_jpg.rf.f0ca1d8ab29ef2371c8677d01227a6f9.jpg,40,0,40
2013-02-24_16_25_11_jpg.rf.023ba2e6382e3300988e43f890e8c50d.jpg,40,0,40
2013-02-24_16_35_11_jpg.rf.ab3a2d437cb0167144e455c0298567a5.jpg,40,0,40
2013-02-24_17_10_11_jpg.rf.4c7d61d05e198413b1b35b34b6900aee.jpg,40,0,40
2013-02-24_17_20_12_jpg.rf.d662cc81db5deae23c7129096016aa47.jpg,40,0,40
2013-02-26_13_19_33_jpg.rf.629ca17b283c7c63cd9a6acaa84d3527.jpg,41,38,3
2013-02-26_16_19_37_jpg.rf.346a5b5c4f62253d6c4a6b525eae551a.jpg,40,40,0
2013-02-26_16_54_37_jpg.rf.9a26f9f73502aab380fe72e158ff1ad0.jpg,40,38,2
2013-02-26_17_09_38_jpg.rf.157b9196a691630e8430bbc26b9f198c.jpg,40,39,1
2013-02-26_17_34_38_jpg.rf.468026dee1420749cc565eb76e4d69c0.jpg,40,37,3
2013-02-26_17_39_38_jpg.rf.145ae85400a1036a3bd18a20876bdd5f.jpg,40,37,3
2013-03-02_06_05_00_jpg.rf.23bcb6c6082e5c4f73759ada27eb1c12.jpg,40,0,40
2013-03-02_06_55_01_jpg.rf.f00770d85b5a6948b80a5e544dd30f23.jpg,40,0,40
2013-03-02_07_00_01_jpg.rf.350e519f01ae25ac6226ea5f1c02763c.jpg,40,0,40
2013-03-02_07_10_01_jpg.rf.8b8d2b08bbea8abc4fa84a43ab7c392d.jpg,40,0,40
2013-03-02_08_00_02_jpg.rf.7d687d39af07a05d7cc16b7581b86780.jpg,40,1,39
2013-03-02_08_10_02_jpg.rf.770b7fe1117b3218b9e1b19af8d85486.jpg,40,1,39
2013-03-02_08_35_03_jpg.rf.9f62a89dd3ca86ba29897204c402ade6.jpg,41,7,34
2013-03-02_09_15_03_jpg.rf.f10ff6b289be28a3b6eaac5d278a6741.jpg,41,7,34
2013-03-02_09_40_04_jpg.rf.18e7453cc635c38a217d9279d7a0eafe.jpg,40,7,33
2013-03-02_10_25_05_jpg.rf.8e688bd650f59939a90e89e327c967fb.jpg,40,14,26
2013-03-02_11_10_06_jpg.rf.d5c22f9008eaee8e88c6c654e42f6681.jpg,40,15,25
2013-03-02_11_15_06_jpg.rf.98979569b17b3aa1d9ed11b8468f2b2f.jpg,40,15,25
2013-03-02_11_20_06_jpg.rf.3c9fc0a6abac7fba4fed44dd50205053.jpg,40,15,25
2013-03-02_13_15_08_jpg.rf.ede950cce5b7d4e3aaa9d231ccfc315c.jpg,40,6,34
2013-03-02_14_45_10_jpg.rf.4a7a842e9faa54c160d6eed2f8becf64.jpg,40,6,34
2013-03-02_16_00_11_jpg.rf.962362037711abd1fc690c3ae2a0d0ba.jpg,40,6,34
2013-03-02_16_05_11_jpg.rf.d2ada02596c3f3ae1d2ac137a689b672.jpg,40,6,34
2013-03-02_16_15_12_jpg.rf.7317076fbb7cc6275e93ace5c51152aa.jpg,40,5,35
2013-03-02_17_15_13_jpg.rf.2d523f7960ae7fee8cea0d5a03985a87.jpg,40,4,36
2013-03-02_17_35_13_jpg.rf.661b9232b417df0d11b0e32373906697.jpg,40,4,36
2013-03-02_18_20_14_jpg.rf.9ee0de183331543b6b8b44ef80684057.jpg,40,3,37
2013-03-03_06_15_00_jpg.rf.e3a6c1fda388c8aa65684b8a7391c37d.jpg,40,0,40
2013-03-03_06_40_00_jpg.rf.13280ae737bd57f7e13710dec36ef3fd.jpg,40,0,40
2013-03-03_09_20_03_jpg.rf.3788a7275a0275f364070fa681439f95.jpg,40,0,40
2013-03-03_10_00_04_jpg.rf.bc14871c3c50c750aff30b8b83b0d558.jpg,40,0,40
2013-03-03_10_55_05_jpg.rf.e240a0130259d2419ad6e1d0ec2541dd.jpg,40,0,40
2013-03-03_12_35_07_jpg.rf.96ada0b1227cb2a1629f845244643f02.jpg,38,0,38
2013-03-03_14_15_09_jpg.rf.9b62c1c0ef7441a93760bb86a931c0cf.jpg,40,0,40
2013-03-03_14_30_09_jpg.rf.607c0f8bd17422dd6a687ff1c454b606.jpg,40,0,40
2013-03-03_15_25_10_jpg.rf.48a55a1316b271c4637a53e5b739f3f6.jpg,40,0,40
2013-03-03_15_30_10_jpg.rf.a3a4c930fdd45b1b3af9688f71605a6c.jpg,40,0,40
2013-03-03_17_35_13_jpg.rf.602de974ee32c124085ee0356234af9d.jpg,40,0,40
2013-03-05_07_25_01_jpg.rf.9d2400c944ba2120504706de59f9c9ae.jpg,40,25,15
2013-03-05_09_10_03_jpg.rf.efc769142d8b8fb0e9ad1d9e4f5b1a6d.jpg,40,40,0
2013-03-05_10_00_04_jpg.rf.d5a62510d3b3a9865191f6e7207e1366.jpg,40,40,0
2013-03-05_10_35_05_jpg.rf.4e35a39fa538009a209162ddd3e4b729.jpg,40,40,0
2013-03-05_16_35_12_jpg.rf.c96928ee1114d6542b345a086928dbe8.jpg,40,39,1
2013-03-05_16_55_12_jpg.rf.34952606183666a5a0414371327dccb3.jpg,40,39,1
2013-03-05_17_30_13_jpg.rf.8cb807f10d622c19978a2b930b78ed84.jpg,40,39,1
2013-03-05_17_40_13_jpg.rf.1b89b286520d19bf9a81b48959ade69c.jpg,40,39,1
2013-03-05_17_50_13_jpg.rf.8e25e752f90fc439ea0e774e89366b1e.jpg,40,37,3
2013-03-06_07_25_01_jpg.rf.1013f8fff0520de49bfed6caa7ea981e.jpg,40,29,11
2013-03-06_08_20_02_jpg.rf.3f88868a58a01329d46a01190602f2e0.jpg,40,40,0
2013-03-06_08_30_02_jpg.rf.e49ca24711fdc23ea612f9c7b41371c6.jpg,40,40,0
2013-03-06_08_45_03_jpg.rf.6359325c767af7346884dbdafe151935.jpg,40,40,0
2013-03-06_08_50_03_jpg.rf.b1218fc7e5d09ba728f04ee6194b8ac7.jpg,40,40,0
2013-03-06_09_35_04_jpg.rf.a406c4e6859d6e16a4f60c87567326fe.jpg,40,40,0
2013-03-06_09_45_04_jpg.rf.939eb23323ea5546753b2cff34fb5e71.jpg,40,40,0
2013-03-06_10_05_04_jpg.rf.e4f264572d18d7ae9bd5b34932d39191.jpg,40,39,1
2013-03-06_10_10_04_jpg.rf.1e0c5eb755ceed0803d4e1cdcb5cadb4.jpg,40,39,1
2013-03-06_13_20_08_jpg.rf.5bda9c41701d47064f1dc825c55ecafa.jpg,40,40,0
2013-03-06_13_55_09_jpg.rf.b2aa53287d185afb5e3a064c0f0563ff.jpg,40,40,0
2013-03-06_15_00_10_jpg.rf.2f4a8913f7eded3ce56bf4af7367dd7f.jpg,40,40,0
2013-03-06_15_20_11_jpg.rf.b62d12717e3fe6707cac5b3591ebcca4.jpg,40,37,3
2013-03-06_15_55_11_jpg.rf.69ac81671f0ff63e30edeaa78a45b8ef.jpg,40,40,0
2013-03-06_16_00_11_jpg.rf.b66355b8cfe24287338df0a591e76f15.jpg,40,38,2
2013-03-06_16_05_11_jpg.rf.8fdc2d14fe1dccee63561c5bae4d393c.jpg,40,38,2
2013-03-06_16_10_12_jpg.rf.5ded33409e08022aac745e22f294dc2b.jpg,40,40,0
2013-03-06_16_35_12_jpg.rf.150af8912b2e64d74c7912fc036e0f2e.jpg,40,35,5
2013-03-06_18_05_14_jpg.rf.84cc9b51784dc2c38e1c467f4d9e0425.jpg,41,40,1
2013-03-09_08_40_03_jpg.rf.d7cadf8c69177deebe2f7786eb43e0b0.jpg,40,2,38
2013-03-09_09_35_04_jpg.rf.3d674db3091a05fb5dc642bcbef3d9e9.jpg,40,9,31
2013-03-09_11_05_05_jpg.rf.08c8b5217b7286566d908c3aabfb8b8a.jpg,40,8,32
2013-03-09_11_25_06_jpg.rf.7f14d5f364a338fef09612cb4e70ca1d.jpg,40,9,31
2013-03-09_11_45_06_jpg.rf.cb25c02ce5b7f70540e843fb727f6a0c.jpg,40,8,32
2013-03-09_11_55_06_jpg.rf.6c8773d60234c3e5c9d0ddeb39a681d9.jpg,40,8,32
2013-03-09_13_25_08_jpg.rf.f99db93dc40525e835296a022c1ef5b0.jpg,40,5,35
2013-03-09_13_50_09_jpg.rf.a2eb0d17683a0b0d0c3e3a58c8347051.jpg,40,4,36
2013-03-09_16_45_12_jpg.rf.d378a7d8b64c688936f97733b58f27fc.jpg,40,4,36
2013-03-09_18_15_14_jpg.rf.a87a1728602ae8d4458eb36c136536ef.jpg,40,2,38
2013-03-10_06_30_00_jpg.rf.afc45c5fb5e710750eac18b0c486a5d4.jpg,40,0,40
2013-03-10_07_20_01_jpg.rf.02c551493b7e783c59b706fde2dbfd47.jpg,40,0,40
2013-03-10_08_20_02_jpg.rf.d089abc3d2bf05efe4c1d1aa75890563.jpg,40,0,40
2013-03-10_09_35_04_jpg.rf.a964450eea2e1edc7a6be3142795bb1e.jpg,40,0,40
2013-03-10_10_25_05_jpg.rf.f9680f1361c7147ff14db17deede892a.jpg,40,0,40
2013-03-10_10_30_05_jpg.rf.72265dbce1b2a70780f1b10261c1eeff.jpg,40,0,40
2013-03-10_11_00_05_jpg.rf.3edea43f3fb55164e87930924bdb2387.jpg,40,0,40
2013-03-10_12_40_07_jpg.rf.8c0d96014653274b74da0dba9c333bb8.jpg,40,0,40
2013-03-10_13_35_08_jpg.rf.f7a86bbb25c0b579c39a39a57395c1bd.jpg,40,0,40
2013-03-10_14_20_09_jpg.rf.39dbf43a24eb8addd28805ad4df075c4.jpg,32,0,32
2013-03-10_15_55_11_jpg.rf.5d3db185150ac1b3d43db782aca84d13.jpg,40,0,40
2013-03-10_17_35_13_jpg.rf.d3564ebee274b6c9706da0c942ed05f5.jpg,40,0,40
2013-03-11_07_50_02_jpg.rf.e6eb66c4e405cd98035daeaa0fe15f7c.jpg,40,40,0
2013-03-11_07_55_02_jpg.rf.986674572e18e5693fe28795098c1f0b.jpg,40,40,0
2013-03-11_08_35_03_jpg.rf.bf4f69fdcfeb9219bcc29e998209253c.jpg,40,40,0
2013-03-11_09_35_04_jpg.rf.f80f33f6ff2c8a46e5b36d73f291c202.jpg,40,40,0
2013-03-11_10_55_05_jpg.rf.6173c29e529bcb68477056aa3091329e.jpg,40,40,0
2013-03-11_11_40_06_jpg.rf.df08e1d525f98d24142ce0c0e14542a0.jpg,41,38,3
2013-03-11_12_45_07_jpg.rf.f7eb0eb8d514f5403a0cb44174568fa6.jpg,40,36,4
2013-03-11_13_15_08_jpg.rf.d20862697ea76f2278064498a845cffb.jpg,40,39,1
2013-03-11_14_10_09_jpg.rf.03f48e75c00bb9166fdfbebe80c111ee.jpg,40,40,0
2013-03-11_16_45_12_jpg.rf.6e387e47471111f079a2f365e2036a99.jpg,40,31,9
2013-03-11_17_00_12_jpg.rf.16d4622c6fe1ae8d0cd6a44919c11d77.jpg,40,29,11
2013-03-11_18_00_14_jpg.rf.7220b5df9b4cdcabc95ab3510e52b329.jpg,40,28,12
2013-03-11_18_15_14_jpg.rf.db82552f8b5bf0e8964f203deadadf0d.jpg,40,30,10
2013-03-12_06_30_00_jpg.rf.3572859c598049a962372114eb68266d.jpg,40,0,40
2013-03-12_06_55_01_jpg.rf.1c140f606126a31bf8c04e07f45d7084.jpg,40,4,36
2013-03-12_07_25_01_jpg.rf.45fc39e695efcd88ca2070c704e9d320.jpg,40,38,2
2013-03-12_08_20_02_jpg.rf.144a272d65cf7197d23ef84bed25ae4e.jpg,40,40,0
2013-03-12_09_15_03_jpg.rf.53a080e8dee00d0555c6708206cc9ffe.jpg,40,40,0
2013-03-12_09_25_04_jpg.rf.a0631c82363b014fe96e67813570367c.jpg,40,40,0
2013-03-12_09_30_04_jpg.rf.eb8d90387cd0108a14afb625b32f4d44.jpg,40,40,0
2013-03-12_09_40_04_jpg.rf.5407d83a47719099390f6f532fc9e0db.jpg,40,40,0
2013-03-12_12_30_07_jpg.rf.52c1a44be3dd3c54c4035949904f9c63.jpg,41,40,1
2013-03-12_12_45_07_jpg.rf.293548ae4152364a0c85e4fb2c6e1743.jpg,40,38,2
2013-03-12_13_00_08_jpg.rf.75e5945e0e00950c6fb5b1f64db43455.jpg,40,40,0
2013-03-12_14_25_09_jpg.rf.d0ed4c0fab97cf06eb2f97953614f9a7.jpg,40,40,0
2013-03-12_14_50_10_jpg.rf.9d95969cb8f75d0f062c1e1fb41a2c81.jpg,40,40,0
2013-03-12_15_05_10_jpg.rf.d29ee18e0ae0a2919fd11d8b1933e32c.jpg,40,40,0
2013-03-12_15_15_10_jpg.rf.d7c7158be0896dc05d37397178c3b9ec.jpg,40,40,0
2013-03-12_15_35_11_jpg.rf.e3377d964a3400b595043dd5b59c16c0.jpg,40,40,0
2013-03-12_16_45_12_jpg.rf.9ad04a7701adcd1daf0cbdfbacfdf93e.jpg,40,39,1
2013-03-12_17_10_13_jpg.rf.38b78cad2e479dc0cb0a5d9db90f473f.jpg,40,39,1
2013-03-12_17_50_13_jpg.rf.f5f40e61789260ec964b0428222552ea.jpg,40,38,2
2013-03-13_06_35_00_jpg.rf.08b00b7c401d10daeb273301bc53db9f.jpg,40,0,40
2013-03-13_06_40_00_jpg.rf.87520ceb37c849078e4d00d8bcb80f97.jpg,40,0,40
2013-03-13_07_20_01_jpg.rf.611a694612f864448f79857d69431146.jpg,40,18,22
2013-03-13_08_05_02_jpg.rf.f22dd7e860e11ab63b60a50246f7ac20.jpg,40,40,0
2013-03-13_08_20_02_jpg.rf.ff0e8ce2bba59ce28bb037c8e70596cd.jpg,40,40,0
2013-03-13_09_20_03_jpg.rf.db2a65fe8c7fa377733bb254a877e70c.jpg,40,39,1
2013-03-13_10_10_04_jpg.rf.13313b10e88cfb49159c4c6fcd5e7226.jpg,40,40,0
2013-03-13_10_45_05_jpg.rf.ee405cf9f5872c403caf2479fdc47662.jpg,40,38,2
2013-03-13_14_30_09_jpg.rf.3ca6d35f44835c34852d4c0c739d28a7.jpg,40,39,1
2013-03-13_15_10_10_jpg.rf.6bd4076325a96b5de5a8adf0980f6bbe.jpg,40,40,0
2013-03-13_17_15_13_jpg.rf.a2e915c0fd23129d3f025983d14135ed.jpg,40,38,2
2013-03-13_18_10_14_jpg.rf.0aaa78e37d38d15ad6f30a7869f6096c.jpg,40,39,1
2013-03-13_18_15_14_jpg.rf.6594c129b428fbb7799faee1569a9083.jpg,40,37,3
2013-03-13_18_25_14_jpg.rf.cf40a557d00241c8eada556b8aca4eea.jpg,40,35,5
2013-03-14_06_45_00_jpg.rf.5aa9b03420fd1f8c3eb0e0f0e12abdf3.jpg,40,1,39
2013-03-14_08_40_55_jpg.rf.9f231ca95af675dbf32abfa4894b5259.jpg,40,40,0
2013-03-14_09_10_55_jpg.rf.29210b6a0421118a2749c8159ee9b68a.jpg,40,39,1
2013-03-14_09_35_56_jpg.rf.d7081effa94ed0420254d0bd77be62ab.jpg,40,40,0
2013-03-14_09_50_56_jpg.rf.0c76cbdcfd1a278ef7788b520308ccef.jpg,40,40,0
2013-03-14_10_15_56_jpg.rf.388351ed67cd50a930c7a0324598ad88.jpg,40,38,2
2013-03-14_12_40_59_jpg.rf.c4a21576d031398811f7f393df43ee94.jpg,40,39,1
2013-03-14_12_45_59_jpg.rf.20de815bdcb0a5d16f25513b643cb0a8.jpg,40,37,3
2013-03-14_12_56_00_jpg.rf.2c47455772b0e13f1122972f380eb6eb.jpg,40,40,0
2013-03-14_13_01_00_jpg.rf.53efc3d2afe8332c1f470fe230ebe30f.jpg,40,40,0
2013-03-14_13_26_00_jpg.rf.1c6782a456c22fff18ccb88729dc2f7c.jpg,40,40,0
2013-03-14_14_26_01_jpg.rf.92490d651203e46c33f1a988b2899efb.jpg,40,40,0
2013-03-14_15_31_03_jpg.rf.21ac9f4722fd46d97881513c0b73a2f1.jpg,40,39,1
2013-03-14_16_01_03_jpg.rf.622eead1f4ddd557e52d05e934f64360.jpg,40,39,1
2013-03-14_17_31_05_jpg.rf.10751b82af217d43556486c88c60b964.jpg,40,35,5
2013-03-14_17_41_05_jpg.rf.45f02eef72cffdc50e49ad181c8307a5.jpg,40,34,6
2013-03-14_17_46_05_jpg.rf.c70d2879dc37fb7ca615675af91bfd83.jpg,40,33,7
2013-03-14_18_21_06_jpg.rf.ef2770c3cfb39d8a6056b170fbbc2023.jpg,40,31,9
2013-03-15_07_05_01_jpg.rf.3521b798852b710206f59d0d9e37dd63.jpg,40,2,38
2013-03-15_07_20_01_jpg.rf.9553760e779e0352c63eb7026208412f.jpg,40,9,31
2013-03-15_07_25_01_jpg.rf.9973257f20f917f41980644125769f31.jpg,40,15,25
2013-03-15_07_40_02_jpg.rf.e6ea8d7cc57c32932445a7ea83cb5c98.jpg,40,19,21
2013-03-15_10_40_05_jpg.rf.d76d2eec4e0b1af3089f71a3f53cb4a1.jpg,40,40,0
2013-03-15_11_30_06_jpg.rf.81a74f41d37fdfae1ec225792d35c07f.jpg,40,36,4
2013-03-15_12_30_07_jpg.rf.ef0e8d60ebfeb6ac9fcba89233a15076.jpg,40,33,7
2013-03-15_12_40_07_jpg.rf.3cae6d815dda580050a59f1a8eb3268d.jpg,40,37,3
2013-03-15_14_05_09_jpg.rf.37cbd0bd4cf64a371bb7ec89eb6e366f.jpg,40,40,0
2013-03-15_14_10_09_jpg.rf.510ced986e4d9f20cef4a709f3af6ad1.jpg,40,40,0
2013-03-15_14_30_10_jpg.rf.9eef4723943e3e0bbaaf50b0763c2f84.jpg,40,39,1
2013-03-15_18_25_14_jpg.rf.3e38d2c9f8b3b74524991616118dff1f.jpg,40,28,12
2013-03-16_06_25_00_jpg.rf.d7bbe5a845de060acc2b5c9a114bcdd3.jpg,40,0,40
2013-03-16_07_10_01_jpg.rf.e6b9ddd751e38b285bdddfc6b829505e.jpg,40,0,40
2013-03-16_07_20_01_jpg.rf.ef64c4c799adc35c2815c71cc5a08e42.jpg,40,0,40
2013-03-16_08_00_02_jpg.rf.6fe8a4336b6d19ae64215f2977ca7056.jpg,40,2,38
2013-03-16_08_10_02_jpg.rf.1cf1b609a2de19b1dc5d6d2a7af4ad2e.jpg,40,4,36
2013-03-16_09_35_04_jpg.rf.81fe26381916e9b06c75973136fdf232.jpg,40,19,21
2013-03-16_11_05_06_jpg.rf.47340f7c65cf191ea03e9ce223923622.jpg,40,16,24
2013-03-16_12_00_07_jpg.rf.8619441b4aebdf0e48e9f25647d489b4.jpg,40,7,33
2013-03-16_12_20_07_jpg.rf.d6d4d3b040592dcbce8e8b35ac9c0e07.jpg,40,7,33
2013-03-16_12_25_07_jpg.rf.79f9a147f87a0bd856ef57dba53d2bfd.jpg,40,5,35
2013-03-16_12_35_07_jpg.rf.34f0fa8573a7896ae057e45598af358c.jpg,40,5,35
2013-03-16_12_40_07_jpg.rf.487e3d8f4faf41dc9f3eea33dedfafa2.jpg,40,6,34
2013-03-16_13_05_08_jpg.rf.913f16bf3687dca0e5d49214da303001.jpg,40,7,33
2013-03-16_14_15_09_jpg.rf.cd327342a8dfb90787b9fe0bafef4a68.jpg,40,6,34
2013-03-16_14_20_09_jpg.rf.c3ae65f050e6e2fc239bc5607aba0011.jpg,40,6,34
2013-03-16_14_30_10_jpg.rf.941bf37a4719f60532b7e5b3e8f068d2.jpg,40,6,34
2013-03-16_14_40_10_jpg.rf.919bd7cbcc7e65f55e8ae5c132448d0c.jpg,40,6,34
2013-03-16_15_30_11_jpg.rf.cf85acc80235fdf2dc2f88375fdf796c.jpg,40,3,37
2013-03-16_17_35_13_jpg.rf.88bd5734818643cb9fdc6ecf1dafa309.jpg,40,4,36
2013-03-16_17_40_13_jpg.rf.237a628ad9ef87269cb4baa9852e6dd0.jpg,40,4,36
2013-03-16_17_50_13_jpg.rf.d8c1c02a9a1ba5f2b8988359bb53c974.jpg,40,4,36
2013-03-16_18_20_14_jpg.rf.7a90bc8b14b51455cca35a735b426577.jpg,40,4,36
2013-03-17_07_50_02_jpg.rf.f4c14bbbe04e98a27340196ab61b99da.jpg,40,0,40
2013-03-17_08_15_02_jpg.rf.14d2a324a07ef35c74834162802e21de.jpg,40,0,40
2013-03-17_09_05_03_jpg.rf.b98344f84d42d48a82793665721e0f37.jpg,40,0,40
2013-03-17_10_05_04_jpg.rf.5b3a2bf81d2aee4cbf3c117f2d0e9540.jpg,40,0,40
2013-03-17_10_55_05_jpg.rf.2db58e44a86d6fac3f501aa9df6b05be.jpg,40,0,40
2013-03-17_11_30_06_jpg.rf.353cbd948749f00088aca9cc9016eb3e.jpg,40,0,40
2013-03-17_11_50_06_jpg.rf.97b006464bc5b1a6fb7c4a95d9960757.jpg,40,0,40
2013-03-17_13_05_08_jpg.rf.b71f8c956277194fccb03538506071af.jpg,40,0,40
2013-03-17_13_35_08_jpg.rf.59d768c010a5e9dbc677acd56a70da60.jpg,40,0,40
2013-03-17_14_10_09_jpg.rf.0c2ea34a4591e98c63a198695f9203a9.jpg,40,0,40
2013-03-17_15_45_11_jpg.rf.78bcc9eced94bbe88c0e3e92e84a5282.jpg,40,0,40
2013-03-17_18_05_14_jpg.rf.e168927e0ce504b602e7a0d2e325bf36.jpg,40,0,40
2013-03-18_06_40_00_jpg.rf.b7cdb7d66593934000ef794ba3446a1e.jpg,40,0,40
2013-03-18_07_05_01_jpg.rf.9f28e0b8d9c58ed4e2bf66f88983f0f0.jpg,40,6,34
2013-03-18_07_25_01_jpg.rf.f5735999f99a587af4919c7128988e64.jpg,40,27,13
2013-03-18_07_40_02_jpg.rf.8043a51567eaddd905de02a983a3ead7.jpg,40,32,8
2013-03-18_08_50_03_jpg.rf.cf4e67dcf83580a2805aebd3f977dbcc.jpg,40,40,0
2013-03-18_09_40_04_jpg.rf.37bc030c237a774307bdb2595f7576d5.jpg,40,38,2
2013-03-18_11_30_06_jpg.rf.247fc4b782016f6b3aad30f73b98f9a4.jpg,40,40,0
2013-03-18_12_55_08_jpg.rf.d7ed04738133b15055aae8cd6dd625f2.jpg,40,40,0
2013-03-18_13_50_09_jpg.rf.2744d3f5c9844cda85818fd1182687b0.jpg,40,40,0
2013-03-18_14_05_09_jpg.rf.9345ab1aaa86275154313ca7e1a16c42.jpg,40,39,1
2013-03-18_15_15_10_jpg.rf.16f5180266a84d2dcb368897a568790f.jpg,40,40,0
2013-03-18_15_20_11_jpg.rf.b8b3d35bb8107c09108e3f037e572467.jpg,40,40,0
2013-03-18_16_10_12_jpg.rf.60065494d3f5ae8a47bc5fa99e2d330b.jpg,40,39,1
2013-03-18_16_30_12_jpg.rf.1f9c2e2ebc37438ae21d40d3f55316a7.jpg,40,38,2
2013-03-18_17_25_13_jpg.rf.084cd1bbc9053c579c7da5fcb7dca5cd.jpg,40,36,4
2013-03-19_06_35_00_jpg.rf.5699831c508f4b78509ed55051cd57fd.jpg,40,0,40
2013-03-19_06_45_00_jpg.rf.63f4244beed7a10e752a1d5ac67b1d5c.jpg,40,0,40
2013-03-19_07_00_01_jpg.rf.ea6e8dec67f2d6e753b253cf7f592313.jpg,40,2,38
2013-03-19_08_10_02_jpg.rf.ba62f99f30e0d7e732b8e5802a572f94.jpg,40,39,1
2013-03-19_08_40_03_jpg.rf.b46ce8ebe5241b98c4d3d3c67496c8cf.jpg,40,40,0
2013-03-19_11_15_06_jpg.rf.b5cb52b098c737d8e54e3d5edf2929d0.jpg,40,38,2
2013-03-19_12_05_07_jpg.rf.490beff0fce9b00138d96177ed6f3df8.jpg,40,34,6
2013-03-19_12_35_07_jpg.rf.f59ecc089cb087d71debe00675356892.jpg,40,38,2
2013-03-19_15_00_10_jpg.rf.a66beac94c0104d4a5167902cea116ed.jpg,40,39,1
2013-03-19_16_30_12_jpg.rf.5ebdc50f6009ca5a2860f0a5455d6353.jpg,40,35,5
2013-03-19_17_15_13_jpg.rf.01c5d1b459b852e1310ebc114515fcda.jpg,40,38,2
2013-03-19_17_20_13_jpg.rf.77ddd8cc964d343b5bd0fd6307357b59.jpg,40,38,2
2013-03-19_17_25_13_jpg.rf.b719d0a668d4857921b324d40152e27a.jpg,40,37,3
2013-03-19_17_40_13_jpg.rf.f35fed59736e35b1eb4477652e4ea6b2.jpg,40,35,5
2013-03-19_18_05_14_jpg.rf.c4191f5ee19bca818206972ec5ea1745.jpg,40,35,5
2013-03-20_09_05_03_jpg.rf.6f0fc11cf34df03bb318258375d9944a.jpg,40,40,0
2013-03-20_09_15_03_jpg.rf.866e7aea918a5551b1ef7e98975ffc44.jpg,40,39,1
2013-03-20_09_55_04_jpg.rf.01d5570626d453af4b704e535bf73024.jpg,40,40,0
2013-03-20_11_10_05_jpg.rf.b7f7cc06aa9d772c0578d5d5db43ff6f.jpg,40,37,3
2013-03-20_13_00_08_jpg.rf.f0a3108ce8aae4ef3c08d9a619fee51e.jpg,40,40,0
2013-03-20_14_45_10_jpg.rf.2e3b569cfcb0d2a3f9675c778087f87b.jpg,40,40,0
2013-03-20_15_20_10_jpg.rf.7a1c75d6b3f42876b0baff3513f5653e.jpg,40,40,0
2013-03-20_15_35_11_jpg.rf.5033ea84253e4b40e169a393841001aa.jpg,40,40,0
2013-03-20_15_55_11_jpg.rf.458aee5285da4563ba35855befc1b105.jpg,40,39,1
2013-03-20_16_10_11_jpg.rf.cb41c6326d6ff2b19863ad4ec26dc5e9.jpg,40,40,0
2013-03-20_16_25_12_jpg.rf.4510563e190ad2b1e47da8d14a023073.jpg,40,39,1
2013-03-20_17_10_12_jpg.rf.f99b0bb3eaf58f6188bd972fbe570ffb.jpg,40,30,10
2013-03-20_17_20_13_jpg.rf.1ab7fabb6d83ca89b362a04831af55ac.jpg,40,29,11
2013-03-20_17_40_13_jpg.rf.620708892a076e794b4da10b227d106b.jpg,41,32,9
2013-03-20_17_50_13_jpg.rf.9aaae43bac082273786de3c61faaea1c.jpg,40,30,10
2013-03-20_18_10_14_jpg.rf.8d401037f4aa7c4ea695392438c1a8bd.jpg,40,27,13
2013-03-21_06_45_01_jpg.rf.cc5e506e191efb97a73626fe347db730.jpg,40,0,40
2013-03-21_07_15_01_jpg.rf.23aa1bcd3a1580e1b422df171107dc0d.jpg,40,5,35
2013-03-21_07_40_02_jpg.rf.4ccfa04a703787c877e5d92c15a9da48.jpg,40,22,18
2013-03-21_07_45_02_jpg.rf.601e30111c53a7a8b1b430c6a8f45e01.jpg,40,22,18
2013-03-21_08_10_02_jpg.rf.fbb9787f81b4e769be1398fda3a5f494.jpg,40,32,8
2013-03-21_09_20_03_jpg.rf.f04be6aed71ad84bf6e81465c971d896.jpg,40,40,0
2013-03-21_09_50_04_jpg.rf.18d7c1fe20264579467db7723a3b0fd3.jpg,40,40,0
2013-03-21_09_55_04_jpg.rf.e28ab3eb310288870e661887111be02d.jpg,40,39,1
2013-03-21_10_45_05_jpg.rf.07253d6af08efc24c8e96b47f7128d8b.jpg,40,40,0
2013-03-21_10_50_05_jpg.rf.4d062318f83eeb92f12196d3e869f53a.jpg,40,39,1
2013-03-21_11_00_05_jpg.rf.9de91ab7bccee532ed0568cb4f32ea73.jpg,40,40,0
2013-03-21_12_10_07_jpg.rf.484ce931490242d05b684f53d7045673.jpg,40,37,3
2013-03-21_12_35_07_jpg.rf.781b626a7024959b1ec8d67131ee88dd.jpg,40,36,4
2013-03-21_13_45_09_jpg.rf.c6ef9a6d4b1f09c8fad8424a9a4e247e.jpg,40,40,0
2013-03-21_14_35_10_jpg.rf.9ece85844e94356c8204432ad37d0589.jpg,40,40,0
2013-03-21_15_35_11_jpg.rf.f9f8156e1023ffd35d4d43e1cc3d088b.jpg,40,39,1
2013-03-21_17_05_12_jpg.rf.c7a3f6e1f053e8b267e2e5e24ee209ae.jpg,40,30,10
2013-03-21_17_30_13_jpg.rf.ed7fa67a9616e71a6b8c9150ba823b04.jpg,40,32,8
2013-03-22_07_10_01_jpg.rf.213f38019f3092c0728e0eb00ff701f1.jpg,40,3,37
2013-03-22_07_40_02_jpg.rf.f5805d0f5cb795704bfe3c12689945c2.jpg,40,16,24
2013-03-22_07_50_02_jpg.rf.8b032da15dda460d75ccc5e8030fcd45.jpg,40,21,19
2013-03-22_09_30_04_jpg.rf.5f8a8765cb317791ff4c331d4ca0563a.jpg,40,40,0
2013-03-22_11_35_06_jpg.rf.2dc608cac979a9188cb2d707de012cbc.jpg,40,39,1
2013-03-22_13_15_08_jpg.rf.c4d34b8768bd78dc6ccfdf59260f19de.jpg,40,40,0
2013-03-22_13_25_08_jpg.rf.43841cf305d1fb9f77159cebdf399919.jpg,40,38,2
2013-04-09_06_45_00_jpg.rf.d34b1619c90281ff765792182680237c.jpg,40,0,40
2013-04-09_07_10_01_jpg.rf.1ae66bff963e73f01a66325f93e895a6.jpg,40,2,38
2013-04-09_07_30_01_jpg.rf.36981268d532aeb3ccf46d1add7c4564.jpg,40,7,33
2013-04-09_08_05_02_jpg.rf.6ec3e4a5814fcc947c4b862a50923eec.jpg,41,22,19
2013-04-09_09_15_03_jpg.rf.11c4dd71dcc86ef8cddf676396183a1a.jpg,40,40,0
2013-04-09_09_40_04_jpg.rf.1b50ecd639af0240a17ae5efa8b842a9.jpg,40,40,0
2013-04-09_10_30_05_jpg.rf.ceb041dda6bf3649ba59d83e42c08d00.jpg,40,40,0
2013-04-09_11_00_05_jpg.rf.92a4f202ae50ecfa737aed7533044e85.jpg,40,40,0
2013-04-09_11_35_06_jpg.rf.2d74ab409ecc072d52f6b9caf82cab5f.jpg,40,38,2
2013-04-09_12_15_07_jpg.rf.2a37f9bf76cf2038478ad4916f125997.jpg,40,33,7
2013-04-09_12_35_07_jpg.rf.85fd4ed7f584a976fb4eb6043fc68b11.jpg,40,30,10
2013-04-09_12_45_07_jpg.rf.53e13dce1a69ba4b3aaf8e964c14a36f.jpg,40,33,7
2013-04-09_13_25_08_jpg.rf.0e383fd3431441ceee148381b8a0e14c.jpg,40,39,1
2013-04-09_13_50_09_jpg.rf.6adcceb0494337ebf60cfeb9e6a02e4a.jpg,41,39,2
2013-04-09_14_00_09_jpg.rf.68b1f9a4fa4dce29f4747076a4b1eb65.jpg,40,39,1
2013-04-09_16_40_12_jpg.rf.ec782f9f4645c4ef8fec8e06e44541ec.jpg,40,37,3
2013-04-09_17_55_13_jpg.rf.f71e75856de47dd084c83f33e4b6182f.jpg,40,32,8
2013-04-10_06_50_00_jpg.rf.7f094863c8ec04e7dad431057bb5ee14.jpg,40,0,40
2013-04-10_07_05_01_jpg.rf.3955858e7fa6ad04cb3c4e8f7749e6f1.jpg,40,1,39
2013-04-10_08_30_02_jpg.rf.f4ab975140efc06fe749c134a319bce9.jpg,40,26,14
2013-04-10_08_40_03_jpg.rf.53077de335ff30763fda99b2275dfa42.jpg,40,31,9
2013-04-10_10_25_04_jpg.rf.b0f71f553a3fa8a9865e9afaca4e4ddc.jpg,40,39,1
2013-04-10_10_55_05_jpg.rf.3f8ac3c20df620f19057efb3e1526259.jpg,40,39,1
2013-04-10_11_10_05_jpg.rf.d6abd28f6b35b6b1f820fadc17c9890a.jpg,40,40,0
2013-04-10_13_25_08_jpg.rf.a49eb1fb3e1a2d49de214475864c8c65.jpg,40,31,9
2013-04-10_13_35_08_jpg.rf.90a962faf56c40c4bcd1c112997174f5.jpg,40,35,5
2013-04-10_13_55_08_jpg.rf.ede4960f5ee22188318dec3518943d40.jpg,40,40,0
2013-04-10_14_05_09_jpg.rf.9d4f7a55593717563deefcd97f50cdf0.jpg,40,40,0
2013-04-10_14_15_09_jpg.rf.d578548cf3c60f9c12a1e606bd03d3b2.jpg,40,40,0
2013-04-10_18_10_13_jpg.rf.5279c8750483ef04f4ee3cab354e10b4.jpg,40,33,7
2013-04-11_06_25_00_jpg.rf.056dafa1d089a05051cd99091d8e4693.jpg,40,1,39
2013-04-11_06_55_01_jpg.rf.b59b5fadf66fb0b691d986f9dc754fd9.jpg,40,2,38
2013-04-11_07_50_02_jpg.rf.ef81bea2831a630d485713504b63ba6c.jpg,40,12,28
2013-04-11_08_45_03_jpg.rf.ea3bf35450537fafe9bd22f9fc86326f.jpg,40,32,8
2013-04-11_09_25_03_jpg.rf.755d8301ab037ec924766b801c9e3ce1.jpg,40,39,1
2013-04-11_10_00_04_jpg.rf.98690bd973728aa1369a27be6b90e202.jpg,40,40,0
2013-04-11_10_40_05_jpg.rf.91dd1d617c2b261a317f25682198a62c.jpg,40,40,0
2013-04-11_10_55_05_jpg.rf.fc8dd565596f2d12f8bc8520b2132790.jpg,40,40,0
2013-04-11_11_05_05_jpg.rf.42ee6522724803eb22829431f06ea25b.jpg,40,40,0
2013-04-11_11_45_06_jpg.rf.1004e30b509cffef03fbfadf450ecde3.jpg,40,40,0
2013-04-11_12_10_06_jpg.rf.7015876da3602add9e5d1c426e8cdf0b.jpg,40,35,5
2013-04-11_14_25_09_jpg.rf.2a199ad526994f6b5a4baebd165a599a.jpg,40,39,1
2013-04-11_17_40_12_jpg.rf.4703263f688bc2e1044e89e443e25d0c.jpg,40,34,6
2013-04-12_07_05_01_jpg.rf.8f5a1fc6141d8730401b19ad2653e7e1.jpg,40,1,39
2013-04-12_08_55_03_jpg.rf.b5879fe1e5a2688579545f8479ea07da.jpg,40,22,18
2013-04-12_09_35_03_jpg.rf.55aa3cb68c8cbe6e7cccaf61bd73fd60.jpg,40,33,7
2013-04-12_10_35_05_jpg.rf.3bed134cbc75d24cec511de07b7d8169.jpg,40,40,0
2013-04-12_10_45_05_jpg.rf.651644dc97df5f7c36acb596c9ce872d.jpg,40,38,2
2013-04-12_11_35_06_jpg.rf.b666708a9d754e345779329c67e95911.jpg,40,35,5
2013-04-12_11_40_06_jpg.rf.3e5e5557b3c99f2982868737774861a9.jpg,40,38,2
2013-04-12_13_35_08_jpg.rf.63e8063d8f648917404330b03c8945df.jpg,40,29,11
2013-04-12_14_50_09_jpg.rf.6fe6218c7a703e14b38c33e700b48310.jpg,40,40,0
2013-04-12_16_00_11_jpg.rf.2096c5b0678de49f39d280051db9fc67.jpg,40,39,1
2013-04-12_16_50_11_jpg.rf.1c4cada2dbd391c1910fe145bf63a016.jpg,40,34,6
2013-04-13_06_50_01_jpg.rf.1ca307c6e1e08bc9e2aa1c78183bea53.jpg,40,0,40
2013-04-13_07_50_02_jpg.rf.784c8fea2a0be476f5e433b910e32dd1.jpg,40,0,40
2013-04-13_07_55_02_jpg.rf.eb57affe49806d0d358fa8ff5ea3fb34.jpg,40,0,40
2013-04-13_08_15_02_jpg.rf.be5e45e7d2487a4c17b7b22da0608688.jpg,40,0,40
2013-04-13_09_25_03_jpg.rf.1d982badddb5b00a510fb8d2650e9e47.jpg,40,2,38
2013-04-13_09_30_04_jpg.rf.4154f2738a2a1aa66e7fc6580f046293.jpg,40,2,38
2013-04-13_12_45_07_jpg.rf.92b233fee676b247d27c34f000dcff66.jpg,40,16,24
2013-04-13_13_55_08_jpg.rf.b9d5400af155570af6b76b00274d60fd.jpg,40,15,25
2013-04-13_14_25_09_jpg.rf.99d59d4124adaed67008cca826747a97.jpg,40,15,25
2013-04-13_15_45_10_jpg.rf.ca8734dcf5048438c685412cdbd83b2b.jpg,40,10,30
2013-04-13_15_55_11_jpg.rf.30ccb0768a2ba79e6b7b21b7b83b10de.jpg,40,9,31
2013-04-13_16_00_11_jpg.rf.54668f1f621825c014c7b00bca5f197e.jpg,40,9,31
2013-04-13_16_35_11_jpg.rf.8ff128c3ebd9f5c95ebdd6c5868747a0.jpg,40,10,30
2013-04-13_17_25_12_jpg.rf.ef6c32d1112014552ea7a2c7a24bf481.jpg,40,7,33
2013-04-13_17_45_13_jpg.rf.15191d73eb1f76c3c509f446b7f237f3.jpg,40,7,33
2013-04-14_07_00_01_jpg.rf.2dbcb7a39286fc1d1fc44df91f539908.jpg,40,0,40
2013-04-14_07_35_01_jpg.rf.0d7b37be2f9086cb123e9cd311b91bb8.jpg,40,0,40
2013-04-14_08_10_02_jpg.rf.0bcf16d1e8b30471026e52b974f9f9d4.jpg,40,0,40
2013-04-14_08_45_03_jpg.rf.33ad63f7b491abca4cb1c0bbfc1d0ed7.jpg,40,3,37
2013-04-14_09_15_03_jpg.rf.8a31b749b47bc300ac6a789b6f8e8374.jpg,40,8,32
2013-04-14_13_05_07_jpg.rf.f68cc26b555b3abec542eb8543a4568d.jpg,40,22,18
2013-04-14_13_40_08_jpg.rf.0774405a45e4c73434daa9806fb16cfa.jpg,40,24,16
2013-04-14_14_10_09_jpg.rf.69837809d5772b0484c0ac5a35555e5b.jpg,40,25,15
2013-04-14_14_25_09_jpg.rf.43c076722e0a164b1a8194bd83f70597.jpg,40,25,15
2013-04-14_15_35_10_jpg.rf.715b9ec8e8241396c4203a979a35f7cb.jpg,40,25,15
2013-04-14_16_40_11_jpg.rf.1ce216cf4972bb189e35f7b1328c4ac8.jpg,40,26,14
2013-04-14_17_25_12_jpg.rf.fb19e496d9e00312db6d134b87419e80.jpg,40,28,12
2013-04-14_17_45_12_jpg.rf.abc57d600c05705fc395cc15a0de3963.jpg,40,26,14
2013-04-15_07_05_01_jpg.rf.b38676bf6d3e3528ce03199862014db2.jpg,40,8,32
2013-04-15_07_25_01_jpg.rf.89d9dee567c5133d57ce23df6013db39.jpg,40,39,1
2013-04-15_07_40_02_jpg.rf.901a8ddf871f76a2450b7eb4e03fe57a.jpg,40,40,0
2013-04-15_07_55_02_jpg.rf.fa4a28c0520b5e04c01a748dafb1c9cc.jpg,40,40,0
2013-04-15_08_00_02_jpg.rf.0bcb026afb3d4c4b1671c4e50edb4ada.jpg,40,40,0
2013-04-15_08_45_03_jpg.rf.39511c84436691e616b264cb85836a91.jpg,40,40,0
2013-04-15_08_50_03_jpg.rf.9f23e1fc11900bedce8417f8c950e946.jpg,40,40,0
2013-04-15_09_05_03_jpg.rf.14ccdcca2a726d9905365054d7a3e12e.jpg,40,40,0
2013-04-15_09_45_04_jpg.rf.80b9da904401f0c6a1579dc6cc3f111a.jpg,40,40,0
2013-04-15_11_35_06_jpg.rf.8b5563c33b20773f5ab2bf70673e690b.jpg,41,33,8
2013-04-15_12_25_07_jpg.rf.8ec64d461ee6a263c5161b48a89af7e9.jpg,40,31,9
2013-04-15_15_00_09_jpg.rf.05a93786ac4419520a2b973c21c7c092.jpg,40,36,4
2013-04-15_15_40_10_jpg.rf.9932368ee2fe97f6c22eeee8a2fa8edb.jpg,40,35,5
2013-04-15_15_45_10_jpg.rf.017f9ac692f5bd6777b876070edd0b2e.jpg,40,35,5
2013-04-15_15_55_10_jpg.rf.d3f060321c865273f3071eb3d17e52f4.jpg,40,34,6
2013-04-15_17_20_12_jpg.rf.1761e0a8993db408aa826a6fc6800ba5.jpg,40,28,12
2013-04-15_17_40_12_jpg.rf.a4d89f3d07c5c009349b1326b5c1634c.jpg,40,31,9
2013-04-15_18_00_13_jpg.rf.af925294f18a6018e0ffa9dfcd56cf6f.jpg,40,27,13
2013-04-16_10_05_04_jpg.rf.c934b365e432cd06cc878816a61243dc.jpg,40,40,0
2013-04-16_10_20_04_jpg.rf.1f4ab59ba2036d894cf98d4f38370b94.jpg,40,40,0
Screenshot 2025-05-13 164211.png,0,0,0
